Date,Open,High,Low,Close,Adj Close,Volume
2015-11-02,101.180000,102.339996,100.839996,102.169998,89.238464,6297900
2015-11-03,101.839996,102.300003,101.110001,101.959999,89.055031,6229200
2015-11-04,101.900002,102.389999,101.690002,101.940002,89.037567,5592300
2015-11-05,102.250000,102.489998,101.419998,102.330002,89.378212,6545600
2015-11-06,101.570000,101.919998,100.860001,101.919998,89.020096,6221100
2015-11-09,101.389999,101.589996,100.550003,100.839996,88.076782,6625900
2015-11-10,101.000000,101.760002,100.680000,101.449997,88.609581,5114200
2015-11-11,101.779999,102.360001,101.500000,101.860001,88.967705,6284700
2015-11-12,101.139999,101.610001,100.220001,100.269997,87.578934,6918700
2015-11-13,100.040001,100.940002,99.739998,99.879997,87.238304,8517500
2015-11-16,100.379997,101.290001,100.040001,101.220001,88.408707,5755800
2015-11-17,100.379997,101.709999,100.379997,101.500000,88.653267,5124000
2015-11-18,101.529999,102.800003,101.309998,102.669998,89.675163,7148400
2015-11-19,102.660004,102.680000,102.059998,102.489998,89.517960,5164500
2015-11-20,102.489998,102.800003,102.199997,102.480003,90.169060,7671500
2015-11-23,102.389999,103.000000,102.190002,102.769997,90.424225,6730600
2015-11-24,101.809998,102.790001,101.809998,102.040001,89.781914,7492400
2015-11-25,102.169998,102.330002,101.959999,101.959999,89.711517,5400800
2015-11-27,102.279999,102.620003,101.790001,102.370003,90.072266,2353800
2015-11-30,102.480003,102.480003,101.239998,101.239998,89.078011,8983700
2015-12-01,101.730003,102.489998,101.120003,102.360001,90.063469,7545700
2015-12-02,102.500000,102.930000,101.989998,102.050003,89.790718,6623500
2015-12-03,102.269997,102.370003,100.309998,100.790001,88.682076,12008700
2015-12-04,101.400002,103.000000,101.279999,102.949997,90.582588,7845400
2015-12-07,102.610001,103.489998,102.599998,103.320000,90.908150,7262900
2015-12-08,102.980003,103.239998,101.910004,102.419998,90.116257,8005400
2015-12-09,102.139999,103.339996,101.669998,102.150002,89.878716,7947000
2015-12-10,102.300003,103.339996,101.800003,102.639999,90.309853,6479300
2015-12-11,102.370003,102.370003,101.430000,101.680000,89.465149,7796500
2015-12-14,101.650002,102.290001,100.779999,102.150002,89.878716,10641500
2015-12-15,102.650002,104.690002,102.650002,104.129997,91.620842,9283200
2015-12-16,104.639999,105.489998,103.519997,105.250000,92.606293,8178800
2015-12-17,105.160004,105.260002,103.629997,103.639999,91.189697,8740800
2015-12-18,103.080002,103.080002,101.949997,101.949997,89.702721,14966000
2015-12-21,102.339996,102.919998,100.849998,101.580002,89.377167,8321900
2015-12-22,101.910004,102.879997,101.150002,102.709999,90.371414,5581600
2015-12-23,103.110001,103.669998,102.739998,103.489998,91.057747,5531700
2015-12-24,103.120003,103.910004,103.010002,103.720001,91.260086,2546300
2015-12-28,103.180000,103.470001,102.930000,103.220001,90.820152,4063000
2015-12-29,103.339996,104.190002,103.339996,104.029999,91.532845,4230000
2015-12-30,104.110001,104.339996,103.529999,103.779999,91.312904,3847800
2015-12-31,103.370003,103.620003,102.690002,102.720001,90.380211,4592600
2016-01-04,101.709999,101.809998,99.449997,100.480003,88.409317,12722800
2016-01-05,100.580002,101.440002,100.570000,100.900002,88.778877,6467200
2016-01-06,99.820000,100.970001,99.599998,100.389999,88.330139,7733800
2016-01-07,99.309998,100.089996,98.879997,99.220001,87.300682,9433100
2016-01-08,99.879997,99.940002,97.849998,98.160004,86.368034,9766700
2016-01-11,98.239998,98.629997,96.080002,97.570000,85.848900,8151400
2016-01-12,97.989998,98.629997,97.239998,98.239998,86.438416,6745000
2016-01-13,98.489998,98.980003,96.839996,97.019997,85.364952,8290700
2016-01-14,97.099998,99.470001,97.000000,98.889999,87.010330,10164300
2016-01-15,96.370003,98.000000,96.250000,97.000000,85.347366,12662200
2016-01-19,97.930000,98.410004,96.900002,97.500000,85.787315,12457800
2016-01-20,96.110001,97.279999,94.529999,95.750000,84.247536,12685200
2016-01-21,95.769997,96.639999,94.279999,95.940002,84.414711,11266400
2016-01-22,97.019997,97.089996,95.949997,96.750000,85.127403,8380000
2016-01-25,96.720001,97.690002,96.040001,96.400002,84.819466,9350200
2016-01-26,97.260002,101.339996,97.139999,101.180000,89.025230,17266600
2016-01-27,100.489998,103.379997,100.489998,102.160004,89.887489,19330500
2016-01-28,102.500000,103.040001,101.849998,102.269997,89.984268,12789500
2016-01-29,102.889999,104.750000,102.629997,104.440002,91.893616,15614600
2016-02-01,103.610001,104.790001,103.220001,104.370003,91.832008,9803700
2016-02-02,103.300003,104.260002,103.000000,103.410004,90.987343,10616300
2016-02-03,103.650002,104.379997,102.010002,104.139999,91.629631,10168600
2016-02-04,103.610001,104.089996,102.730003,103.900002,91.418480,10389000
2016-02-05,102.660004,102.769997,99.779999,100.540001,88.462112,15522200
2016-02-08,100.309998,103.510002,100.220001,102.000000,89.746727,14323800
2016-02-09,101.309998,102.239998,100.970001,101.970001,89.720337,10044500
2016-02-10,102.050003,102.910004,101.370003,101.730003,89.509155,9833100
2016-02-11,100.459999,102.019997,99.980003,101.699997,89.482765,12465800
2016-02-12,101.820000,101.980003,100.720001,101.820000,89.588356,9035000
2016-02-16,102.370003,103.050003,101.650002,102.320000,90.028282,10452800
2016-02-17,102.750000,103.239998,102.230003,102.500000,90.186653,8904000
2016-02-18,102.830002,104.680000,102.500000,104.239998,91.717621,10744600
2016-02-19,103.580002,104.680000,103.379997,104.160004,92.311424,9343300
2016-02-22,104.160004,104.750000,104.050003,104.750000,92.834297,6947000
2016-02-23,104.650002,104.790001,103.959999,104.080002,92.240524,6629200
2016-02-24,103.339996,105.080002,102.970001,104.959999,93.020409,9076100
2016-02-25,104.949997,106.389999,104.769997,106.379997,94.278885,8092500
2016-02-26,106.820000,106.919998,105.419998,105.779999,93.747116,9049400
2016-02-29,105.279999,106.199997,105.040001,105.209999,93.241966,10111100
2016-03-01,105.900002,107.239998,105.440002,107.220001,95.023331,8298500
2016-03-02,106.910004,107.410004,106.430000,107.040001,94.863808,9767000
2016-03-03,106.820000,107.000000,105.629997,106.650002,94.518173,6927200
2016-03-04,106.510002,106.980003,106.070000,106.500000,94.385223,6715700
2016-03-07,106.000000,106.919998,105.489998,106.739998,94.597923,6973500
2016-03-08,106.519997,106.769997,105.970001,106.220001,94.137070,7632900
2016-03-09,106.839996,107.019997,106.089996,106.839996,94.686539,7564200
2016-03-10,106.989998,107.480003,106.070000,107.139999,94.952423,10474700
2016-03-11,107.500000,107.989998,107.209999,107.709999,95.457581,7763800
2016-03-14,107.919998,108.300003,107.309998,107.660004,95.413284,7242800
2016-03-15,107.620003,108.349998,106.760002,107.760002,95.501900,8476600
2016-03-16,107.730003,107.779999,106.879997,107.410004,95.191704,7065100
2016-03-17,107.470001,107.599998,106.449997,106.739998,94.597923,8571100
2016-03-18,106.989998,107.839996,106.360001,107.500000,95.271477,14758300
2016-03-21,107.410004,107.750000,106.550003,107.279999,95.076492,7674700
2016-03-22,107.279999,107.629997,107.050003,107.379997,95.165123,7821700
2016-03-23,107.290001,108.830002,107.199997,108.500000,96.157730,8191300
2016-03-24,108.220001,108.610001,107.750000,108.309998,95.989334,6284500
2016-03-28,108.410004,108.900002,108.059998,108.230003,95.918434,4738100
2016-03-29,108.300003,109.250000,107.739998,109.139999,96.724907,6612800
2016-03-30,109.449997,109.559998,108.930000,108.980003,96.583122,5248200
2016-03-31,108.860001,108.980003,108.040001,108.199997,95.891823,8167700
2016-04-01,108.000000,109.290001,107.690002,109.190002,96.769257,9043200
2016-04-04,108.820000,109.099998,108.260002,108.589996,96.237473,10668900
2016-04-05,108.230003,109.839996,108.010002,108.949997,96.556519,7939000
2016-04-06,108.720001,109.500000,107.879997,109.419998,96.973068,6828700
2016-04-07,109.000000,109.620003,108.629997,109.269997,96.840118,7822900
2016-04-08,109.370003,109.639999,108.760002,109.099998,96.689476,6301600
2016-04-11,109.150002,109.620003,108.650002,108.970001,96.574265,6823900
2016-04-12,109.000000,110.239998,108.750000,109.599998,97.132591,8412300
2016-04-13,110.000000,110.349998,109.309998,109.870003,97.371887,5758300
2016-04-14,110.000000,110.290001,109.449997,109.839996,97.345291,4457100
2016-04-15,110.070000,110.400002,109.500000,110.180000,97.646606,10057900
2016-04-18,110.000000,111.099998,109.669998,110.930000,98.311302,7772500
2016-04-19,111.650002,113.949997,111.480003,112.680000,99.862221,10526400
2016-04-20,113.190002,114.190002,113.050003,113.580002,100.659851,8213400
2016-04-21,113.309998,113.730003,112.769997,113.570000,100.651001,7884500
2016-04-22,113.430000,113.750000,112.830002,113.320000,100.429420,7508700
2016-04-25,113.309998,113.550003,112.480003,113.510002,100.597809,6139900
2016-04-26,113.449997,113.559998,112.650002,112.910004,100.066078,5853600
2016-04-27,112.959999,113.199997,112.459999,112.769997,99.941986,5759300
2016-04-28,112.099998,112.709999,111.639999,112.480003,99.684982,6640000
2016-04-29,112.059998,112.220001,111.510002,112.080002,99.330482,7774500
2016-05-02,112.220001,112.790001,111.930000,112.750000,99.924278,5178800
2016-05-03,112.559998,113.099998,112.120003,112.690002,99.871078,7554500
2016-05-04,112.040001,112.540001,111.699997,112.220001,99.454544,5214600
2016-05-05,112.080002,113.099998,112.040001,112.879997,100.039482,5404300
2016-05-06,112.580002,113.050003,112.279999,112.739998,99.915413,6099900
2016-05-09,112.980003,113.989998,112.730003,113.720001,100.783913,6512700
2016-05-10,114.000000,115.000000,113.919998,114.669998,101.625847,8356400
2016-05-11,114.570000,114.760002,114.309998,114.370003,101.360001,6680700
2016-05-12,114.500000,114.760002,113.540001,114.230003,101.235924,7156300
2016-05-13,113.900002,114.089996,113.360001,113.559998,100.642136,6779900
2016-05-16,113.389999,114.629997,113.309998,114.440002,101.422043,6222900
2016-05-17,114.540001,114.559998,113.239998,113.830002,100.881409,9233900
2016-05-18,113.610001,114.029999,112.879997,113.589996,100.668716,8267900
2016-05-19,112.989998,113.040001,112.199997,112.849998,100.012894,8232200
2016-05-20,112.199997,112.919998,111.760002,112.639999,100.539497,7435200
2016-05-23,112.769997,112.820000,112.040001,112.160004,100.111099,6462300
2016-05-24,112.519997,113.500000,112.519997,112.690002,100.584129,6125300
2016-05-25,113.180000,113.730003,112.849998,113.349998,101.173233,5453800
2016-05-26,113.110001,113.320000,112.849998,112.900002,100.771576,3973600
2016-05-27,113.040001,113.339996,112.690002,113.059998,100.914391,4647000
2016-05-31,113.260002,113.629997,112.320000,112.690002,100.584129,10104700
2016-06-01,112.690002,113.059998,112.070000,112.779999,100.664467,4748900
2016-06-02,112.870003,114.650002,112.860001,114.489998,102.190765,7310800
2016-06-03,114.470001,115.389999,114.120003,114.760002,102.431770,6881700
2016-06-06,114.970001,116.000000,114.930000,115.769997,103.333260,6349400
2016-06-07,116.010002,116.230003,115.449997,115.730003,103.297569,6417400
2016-06-08,115.519997,115.949997,115.410004,115.800003,103.360031,5863800
2016-06-09,115.779999,117.190002,115.610001,117.000000,104.431129,7375500
2016-06-10,116.739998,117.230003,116.360001,117.010002,104.440071,6067400
2016-06-13,117.129997,117.639999,116.790001,116.790001,104.243698,7940900
2016-06-14,116.449997,117.180000,116.300003,117.120003,104.538246,6378400
2016-06-15,117.639999,117.739998,116.339996,116.410004,103.904526,6371400
2016-06-16,115.690002,116.889999,115.220001,116.639999,104.109825,6664300
2016-06-17,116.620003,116.669998,115.010002,115.480003,103.074425,10702200
2016-06-20,116.599998,117.139999,116.430000,116.540001,104.020561,5588200
2016-06-21,116.989998,117.150002,116.180000,116.180000,103.699211,5493500
2016-06-22,116.540001,117.209999,116.309998,116.459999,103.949127,5833800
2016-06-23,117.199997,117.379997,116.680000,117.379997,104.770309,6775900
2016-06-24,115.070000,117.120003,115.000000,115.629997,103.208305,13939500
2016-06-27,115.000000,116.639999,115.000000,116.550003,104.029472,10877400
2016-06-28,117.169998,118.370003,116.550003,118.230003,105.529007,10089600
2016-06-29,118.839996,119.410004,118.099998,119.330002,106.510826,8341500
2016-06-30,119.180000,121.410004,119.160004,121.300003,108.269218,11559900
2016-07-01,121.300003,121.540001,120.790001,121.290001,108.260292,7051400
2016-07-05,121.360001,123.230003,121.339996,122.269997,109.134987,9334100
2016-07-06,121.930000,122.660004,121.540001,122.639999,109.465263,9332400
2016-07-07,122.589996,122.809998,122.010002,122.510002,109.349220,6058700
2016-07-08,123.000000,123.099998,121.959999,122.849998,109.652695,6129900
2016-07-11,122.709999,123.449997,122.410004,122.930000,109.724098,6711600
2016-07-12,122.650002,123.199997,122.610001,122.919998,109.715164,6415900
2016-07-13,122.680000,123.400002,122.300003,123.000000,109.786568,5230800
2016-07-14,122.980003,123.739998,122.910004,123.180000,109.947250,5322700
2016-07-15,123.769997,124.300003,122.709999,123.000000,109.786568,7192800
2016-07-18,123.000000,123.220001,122.440002,123.139999,109.911537,6599200
2016-07-19,124.779999,125.750000,123.339996,125.250000,111.794884,11325700
2016-07-20,125.839996,126.070000,125.040001,125.139999,111.696686,7334600
2016-07-21,125.209999,125.739998,124.889999,125.150002,111.705612,5492600
2016-07-22,125.120003,125.349998,124.650002,125.029999,111.598495,5839200
2016-07-25,125.070000,125.129997,124.139999,124.889999,111.473549,4880600
2016-07-26,125.029999,125.550003,124.750000,125.150002,111.705612,5589900
2016-07-27,125.099998,125.230003,124.339996,124.769997,111.366425,4812600
2016-07-28,124.980003,125.000000,124.410004,124.459999,111.089737,4320400
2016-07-29,124.339996,125.320000,124.339996,125.230003,111.777008,7020900
2016-08-01,125.309998,125.709999,125.099998,125.400002,111.928757,4615100
2016-08-02,125.650002,125.900002,124.480003,124.849998,111.437843,7158700
2016-08-03,125.000000,125.000000,123.690002,123.900002,110.589897,5310600
2016-08-04,124.239998,124.389999,123.639999,123.860001,110.554199,4728200
2016-08-05,124.379997,124.379997,123.760002,124.239998,110.893364,5146900
2016-08-08,124.000000,124.150002,123.230003,123.650002,110.366745,5232500
2016-08-09,123.910004,124.000000,123.330002,123.430000,110.170380,3941500
2016-08-10,123.589996,123.779999,123.239998,123.360001,110.107918,4333500
2016-08-11,123.849998,124.139999,123.470001,123.769997,110.473862,4052000
2016-08-12,123.470001,123.769997,122.949997,123.220001,109.982956,4234800
2016-08-15,123.120003,123.269997,122.279999,122.309998,109.170700,6469500
2016-08-16,122.110001,122.320000,120.059998,120.330002,107.403397,11289100
2016-08-17,120.500000,121.330002,119.849998,121.309998,108.278122,10442800
2016-08-18,121.169998,121.389999,119.900002,120.720001,107.751503,8728000
2016-08-19,119.910004,119.989998,119.320000,119.919998,107.751503,7798300
2016-08-22,119.900002,119.900002,118.949997,119.129997,107.041664,6544900
2016-08-23,119.669998,119.959999,119.019997,119.440002,107.320213,5603200
2016-08-24,119.480003,119.610001,118.620003,118.709999,106.664284,6303900
2016-08-25,118.860001,119.209999,118.330002,118.570000,106.538483,5566000
2016-08-26,118.839996,119.739998,118.559998,119.040001,106.960808,6482700
2016-08-29,119.300003,120.129997,119.059998,119.919998,107.751503,5074900
2016-08-30,120.669998,120.669998,119.260002,119.470001,107.347176,3820500
2016-08-31,119.540001,119.620003,119.010002,119.339996,107.230347,5693100
2016-09-01,119.190002,119.389999,118.599998,119.080002,106.996742,4551800
2016-09-02,119.360001,119.809998,118.900002,119.320000,107.212402,5806400
2016-09-06,119.779999,119.970001,119.360001,119.750000,107.598755,5280700
2016-09-07,119.839996,119.949997,119.440002,119.610001,107.472961,4753800
2016-09-08,119.370003,119.820000,119.139999,119.470001,107.347176,4833000
2016-09-09,119.029999,119.160004,118.180000,118.230003,106.233002,7957300
2016-09-12,117.760002,119.449997,117.379997,119.160004,107.068634,7239800
2016-09-13,118.419998,118.830002,117.489998,117.610001,105.675919,7957900
2016-09-14,117.849998,118.330002,117.459999,117.860001,105.900543,6124900
2016-09-15,117.809998,118.940002,117.320000,118.629997,106.592407,5812100
2016-09-16,118.510002,119.139999,118.120003,118.250000,106.250977,12408800
2016-09-19,118.360001,118.660004,117.639999,117.660004,105.720833,5457600
2016-09-20,118.169998,118.239998,117.690002,117.949997,105.981400,5187700
2016-09-21,117.949997,119.000000,117.639999,118.910004,106.844009,6337300
2016-09-22,119.250000,119.839996,119.139999,119.459999,107.338181,5340500
2016-09-23,119.410004,119.599998,118.709999,118.809998,106.754143,4773000
2016-09-26,118.629997,118.639999,117.559998,117.779999,105.828644,5998900
2016-09-27,118.389999,119.220001,117.720001,119.220001,107.122536,5349500
2016-09-28,119.050003,119.519997,118.809998,119.389999,107.275299,5076100
2016-09-29,118.879997,119.269997,117.040001,117.269997,105.370407,6190200
2016-09-30,117.779999,118.620003,117.389999,118.129997,106.143143,7941100
2016-10-03,118.000000,119.010002,117.430000,118.809998,106.754143,6098600
2016-10-04,118.839996,119.480003,118.279999,118.820000,106.763123,5733900
2016-10-05,119.220001,119.440002,118.599998,119.180000,107.086601,5778700
2016-10-06,118.500000,118.849998,117.919998,118.750000,106.700226,4448500
2016-10-07,119.169998,119.570000,118.690002,119.239998,107.140480,4799300
2016-10-10,119.510002,120.199997,119.349998,119.800003,107.643684,3657000
2016-10-11,119.410004,119.629997,117.059998,117.639999,105.702866,6394200
2016-10-12,117.959999,118.430000,117.500000,117.970001,105.999390,4685200
2016-10-13,117.540001,119.199997,117.279999,118.260002,106.259964,7387400
2016-10-14,118.500000,118.800003,117.559998,117.559998,105.630981,5640500
2016-10-17,117.500000,118.550003,117.500000,118.489998,106.466614,6956400
2016-10-18,117.379997,118.480003,115.160004,115.410004,103.699158,12598300
2016-10-19,115.570000,115.889999,114.459999,114.589996,102.962349,7400900
2016-10-20,114.830002,115.699997,114.589996,114.870003,103.213928,6973000
2016-10-21,114.110001,114.239998,112.989998,113.440002,101.929054,8422000
2016-10-24,113.930000,114.190002,113.440002,113.610001,102.081787,6141900
2016-10-25,113.639999,114.160004,113.089996,113.959999,102.396286,5595000
2016-10-26,113.639999,115.220001,113.599998,114.559998,102.935394,6429200
2016-10-27,114.980003,116.550003,114.790001,115.699997,103.959717,7548700
2016-10-28,115.820000,115.910004,114.570000,115.330002,103.627251,8813300
2016-10-31,115.279999,116.230003,114.500000,115.989998,104.220284,8552500
2016-11-01,114.760002,115.940002,114.629997,115.339996,103.636246,7591900
2016-11-02,115.519997,115.760002,114.830002,114.860001,103.204964,6591300
2016-11-03,114.879997,115.440002,114.750000,115.029999,103.357704,6227100
2016-11-04,115.040001,115.940002,115.040001,115.110001,103.429604,7160600
2016-11-07,115.889999,116.720001,115.839996,116.660004,104.822311,6398200
2016-11-08,116.480003,117.570000,116.470001,117.050003,105.172729,6675300
2016-11-09,120.000000,122.500000,118.099998,120.309998,108.101952,16220000
2016-11-10,120.769997,121.099998,119.019997,119.540001,107.410065,11904500
2016-11-11,119.489998,119.489998,118.129997,118.470001,106.448647,8134800
2016-11-14,118.580002,118.989998,116.500000,116.599998,104.768394,10054900
2016-11-15,116.400002,116.690002,115.820000,116.320000,104.516800,7446700
2016-11-16,116.650002,116.779999,116.080002,116.360001,104.552742,6594800
2016-11-17,116.680000,116.680000,116.120003,116.570000,104.741447,5730300
2016-11-18,115.790001,115.919998,114.809998,115.360001,104.370499,7717800
2016-11-21,115.440002,115.680000,114.800003,115.000000,104.044792,5843300
2016-11-22,114.589996,115.000000,112.269997,112.739998,102.000092,11649700
2016-11-23,112.250000,113.430000,111.559998,113.070000,102.298668,7892600
2016-11-25,113.599998,114.230003,113.379997,114.129997,103.257668,3433300
2016-11-28,113.790001,114.120003,113.050003,113.129997,102.352928,9065700
2016-11-29,112.949997,113.410004,112.169998,112.480003,101.764854,7799600
2016-11-30,112.190002,112.519997,111.300003,111.300003,100.697273,11178500
2016-12-01,111.360001,111.540001,111.000000,111.379997,100.769638,8143300
2016-12-02,111.720001,112.529999,111.440002,111.959999,101.294388,6167700
2016-12-05,112.400002,112.419998,111.730003,111.940002,101.276283,5451600
2016-12-06,112.239998,113.199997,111.849998,112.059998,101.384865,6530400
2016-12-07,111.889999,111.889999,109.320000,111.099998,100.516327,11761100
2016-12-08,110.540001,111.199997,109.930000,110.989998,100.416786,7774900
2016-12-09,111.410004,112.430000,111.199997,112.260002,101.565819,7672100
2016-12-12,112.690002,115.400002,112.580002,115.360001,104.370499,9544600
2016-12-13,115.529999,115.970001,115.010002,115.889999,104.850006,7051600
2016-12-14,116.120003,117.300003,114.580002,114.989998,104.035744,9378700
2016-12-15,115.330002,115.919998,114.889999,115.889999,104.850006,6738100
2016-12-16,116.410004,116.459999,115.459999,115.879997,104.840965,11291100
2016-12-19,116.070000,116.660004,115.940002,116.019997,104.967621,6310800
2016-12-20,115.980003,116.250000,114.910004,115.660004,104.641922,5715200
2016-12-21,116.199997,116.199997,114.739998,115.309998,104.325256,5907600
2016-12-22,115.000000,115.529999,113.879997,115.440002,104.442879,4602300
2016-12-23,115.400002,116.320000,115.300003,115.959999,104.913338,2992500
2016-12-27,115.889999,116.000000,115.379997,115.910004,104.868103,3232600
2016-12-28,115.879997,116.160004,115.050003,115.099998,104.135269,3278300
2016-12-29,115.230003,115.870003,115.010002,115.489998,104.488098,2993600
2016-12-30,115.800003,115.989998,114.980003,115.209999,104.234779,5506700
2017-01-03,115.779999,116.000000,115.230003,115.839996,104.804771,5953000
2017-01-04,115.500000,116.230003,115.309998,115.650002,104.632874,5828900
2017-01-05,116.000000,116.970001,115.440002,116.860001,105.727615,6217200
2017-01-06,116.669998,117.000000,115.760002,116.300003,105.220963,5221400
2017-01-09,116.349998,116.610001,115.889999,116.279999,105.202843,5457500
2017-01-10,116.029999,117.000000,115.870003,116.160004,105.094299,5312800
2017-01-11,116.080002,116.250000,114.019997,114.730003,103.800507,8887200
2017-01-12,114.269997,114.730003,113.370003,114.620003,103.700996,6627300
2017-01-13,114.940002,115.019997,114.440002,114.599998,103.682892,4935200
2017-01-17,113.940002,115.050003,113.669998,114.870003,103.927162,6255400
2017-01-18,114.870003,115.099998,114.410004,114.699997,103.773384,5014600
2017-01-19,114.680000,114.900002,113.919998,114.199997,103.320999,5540800
2017-01-20,114.489998,115.029999,114.080002,114.150002,103.275764,7502400
2017-01-23,114.510002,114.769997,113.800003,113.910004,103.058632,7989800
2017-01-24,112.910004,113.300003,111.150002,111.760002,101.113457,12450300
2017-01-25,111.930000,112.800003,110.760002,112.800003,102.054375,9385500
2017-01-26,112.000000,112.839996,111.599998,111.839996,101.185814,10164300
2017-01-27,112.000000,113.540001,111.900002,113.379997,102.579117,8886100
2017-01-30,113.400002,113.599998,112.849998,113.129997,102.352928,6969400
2017-01-31,112.790001,113.400002,112.430000,113.250000,102.461510,8713400
2017-02-01,112.480003,113.320000,112.470001,113.230003,102.443405,7082300
2017-02-02,112.820000,113.620003,112.769997,113.570000,102.751022,7826300
2017-02-03,113.500000,113.660004,112.660004,113.639999,102.814339,7267600
2017-02-06,113.459999,113.589996,112.620003,113.400002,102.597214,6178400
2017-02-07,113.599998,113.620003,113.050003,113.480003,102.669601,5507900
2017-02-08,113.300003,113.690002,113.150002,113.400002,102.597214,5272000
2017-02-09,113.400002,114.650002,113.400002,114.080002,103.212425,5854600
2017-02-10,114.320000,115.989998,114.230003,115.239998,104.261932,6438500
2017-02-13,115.279999,116.120003,115.220001,115.879997,104.840965,5710800
2017-02-14,115.440002,116.400002,115.320000,116.360001,105.275230,5539100
2017-02-15,115.900002,117.459999,115.589996,117.199997,106.035194,5979700
2017-02-16,117.000000,118.279999,117.000000,118.080002,106.831375,7119300
2017-02-17,118.190002,118.900002,118.050003,118.860001,107.537071,8691400
2017-02-21,118.400002,119.889999,118.320000,119.660004,108.260872,8595100
2017-02-22,119.279999,119.769997,119.250000,119.519997,108.134193,5103900
2017-02-23,119.519997,121.900002,119.480003,121.699997,110.106529,9980900
2017-02-24,121.500000,122.739998,120.900002,122.730003,111.773170,10835000
2017-02-27,122.129997,122.879997,122.099998,122.400002,111.472603,5946200
2017-02-28,122.010002,122.650002,121.940002,122.209999,111.299576,8885500
2017-03-01,122.489998,124.449997,122.419998,123.860001,112.802261,9393900
2017-03-02,123.750000,124.360001,123.019997,123.629997,112.592804,6950200
2017-03-03,123.629997,123.930000,123.230003,123.790001,112.738533,5585200
2017-03-06,123.010002,124.430000,122.599998,123.709999,112.665649,6670700
2017-03-07,122.580002,124.459999,122.389999,123.830002,112.774971,6644000
2017-03-08,123.750000,124.680000,123.500000,124.099998,113.020851,7909900
2017-03-09,124.580002,126.209999,124.169998,125.949997,114.705681,8571100
2017-03-10,126.040001,126.489998,125.540001,126.209999,114.942474,7395400
2017-03-13,125.830002,126.949997,125.790001,126.680000,115.370514,7162500
2017-03-14,126.860001,127.750000,126.769997,127.050003,115.707489,7679700
2017-03-15,127.050003,129.000000,126.599998,128.960007,117.446976,8360600
2017-03-16,128.440002,128.699997,127.769997,128.460007,116.991631,7610700
2017-03-17,128.449997,128.940002,127.949997,128.059998,116.627312,13300800
2017-03-20,128.039993,128.419998,127.970001,128.070007,116.636444,5827500
2017-03-21,128.380005,128.449997,127.139999,127.250000,115.889626,7578600
2017-03-22,127.050003,127.650002,126.209999,126.260002,114.988014,10272700
2017-03-23,126.099998,127.000000,125.660004,125.900002,114.660141,8508100
2017-03-24,125.860001,126.360001,125.129997,125.480003,114.277641,6490300
2017-03-27,125.160004,126.139999,125.150002,125.800003,114.569092,5004300
2017-03-28,125.620003,125.779999,124.779999,125.660004,114.441574,5287600
2017-03-29,125.050003,125.330002,124.360001,124.919998,113.767639,3971800
2017-03-30,124.739998,125.430000,124.279999,124.660004,113.530861,4711700
2017-03-31,124.110001,124.830002,124.029999,124.550003,113.430672,5657600
2017-04-03,124.730003,125.309998,124.279999,124.690002,113.558182,4956400
2017-04-04,124.510002,124.769997,124.220001,124.680000,113.549072,5358500
2017-04-05,124.720001,125.599998,124.410004,124.800003,113.658371,5646300
2017-04-06,124.849998,125.459999,124.500000,125.050003,113.886040,4324200
2017-04-07,125.120003,125.470001,124.830002,124.919998,113.767639,3615100
2017-04-10,124.870003,124.949997,124.230003,124.339996,113.239410,4594200
2017-04-11,124.260002,124.790001,123.949997,124.220001,113.130142,4161500
2017-04-12,124.540001,125.459999,124.360001,125.400002,114.204796,5556600
2017-04-13,125.129997,125.650002,124.959999,124.989998,113.831383,5396500
2017-04-17,125.019997,125.809998,124.930000,125.720001,114.496231,5367500
2017-04-18,123.180000,123.370003,120.949997,121.820000,110.944405,13485700
2017-04-19,122.099998,122.279999,121.110001,121.370003,110.534584,6993100
2017-04-20,121.860001,122.150002,121.349998,121.870003,110.989929,6330100
2017-04-21,121.779999,122.040001,121.540001,121.760002,110.889763,6021700
2017-04-24,122.519997,123.209999,122.150002,122.889999,111.918869,5679000
2017-04-25,123.339996,123.750000,123.010002,123.430000,112.410667,5090000
2017-04-26,123.790001,124.260002,123.480003,123.510002,112.483521,5021800
2017-04-27,123.580002,124.309998,123.400002,123.739998,112.692986,4225200
2017-04-28,123.849998,123.900002,123.129997,123.470001,112.447083,4381800
2017-05-01,123.400002,123.779999,123.000000,123.339996,112.328705,4556400
2017-05-02,123.519997,123.739998,122.889999,123.699997,112.656555,4881600
2017-05-03,123.589996,123.699997,123.040001,123.330002,112.319588,3736500
2017-05-04,123.690002,123.949997,123.230003,123.949997,112.884232,3753700
2017-05-05,123.800003,123.800003,122.860001,123.510002,112.483521,4139800
2017-05-08,123.529999,123.800003,123.019997,123.250000,112.246735,3608600
2017-05-09,123.230003,123.470001,122.879997,123.209999,112.210304,3762500
2017-05-10,122.910004,123.059998,122.379997,122.809998,111.846016,4237400
2017-05-11,122.500000,123.209999,122.339996,123.199997,112.201187,4095900
2017-05-12,123.110001,124.099998,123.010002,123.639999,112.601906,4097100
2017-05-15,124.410004,127.360001,124.330002,126.989998,115.652840,9854600
2017-05-16,127.339996,128.369995,127.059998,127.769997,116.363197,7233800
2017-05-17,127.769997,127.889999,126.449997,126.669998,115.361420,6480800
2017-05-18,126.459999,127.870003,125.959999,126.970001,115.634628,6571300
2017-05-19,127.029999,127.389999,126.440002,127.000000,115.661942,6957200
2017-05-22,126.629997,127.650002,126.629997,127.260002,115.898743,4858200
2017-05-23,127.309998,128.149994,127.309998,127.519997,116.135521,3972500
2017-05-24,127.790001,128.000000,127.290001,127.510002,116.126427,3965200
2017-05-25,126.739998,127.620003,126.330002,127.529999,116.914833,5294300
2017-05-26,127.230003,127.669998,126.830002,126.919998,116.355598,4005200
2017-05-30,126.699997,127.389999,126.190002,127.110001,116.529800,3665400
2017-05-31,127.349998,128.800003,127.349998,128.250000,117.574898,8813500
2017-06-01,128.320007,128.779999,128.119995,128.779999,118.060799,5790900
2017-06-02,129.050003,130.139999,128.830002,130.080002,119.252594,6562600
2017-06-05,129.970001,130.520004,129.800003,130.360001,119.509277,4634700
2017-06-06,130.179993,131.330002,130.029999,130.830002,119.940163,5619100
2017-06-07,131.000000,131.479996,130.580002,130.750000,119.866806,5765200
2017-06-08,130.750000,131.399994,129.960007,130.550003,119.683456,8101700
2017-06-09,130.369995,131.699997,130.309998,131.529999,120.581886,5992500
2017-06-12,131.529999,131.830002,131.419998,131.820007,120.847748,8020700
2017-06-13,131.750000,132.729996,131.399994,132.020004,121.031120,5733800
2017-06-14,132.509995,133.559998,132.509995,132.770004,121.718689,7329400
2017-06-15,132.000000,133.350006,131.809998,133.039993,121.966202,5265000
2017-06-16,133.720001,134.600006,133.039993,134.350006,123.167183,12639600
2017-06-19,134.149994,134.679993,133.490005,134.070007,122.910461,7488700
2017-06-20,133.899994,134.759995,133.899994,134.220001,123.047989,5201200
2017-06-21,134.289993,135.110001,134.020004,134.910004,123.680565,5841100
2017-06-22,135.449997,137.000000,135.270004,136.050003,124.725655,7311000
2017-06-23,135.449997,136.509995,135.320007,136.429993,125.074020,9007100
2017-06-26,136.479996,136.899994,136.199997,136.339996,124.991531,5561800
2017-06-27,136.500000,136.729996,134.990005,135.009995,123.772217,6120500
2017-06-28,135.949997,136.199997,133.570007,133.820007,122.681274,6557900
2017-06-29,133.399994,133.729996,132.309998,132.639999,121.599495,5750000
2017-06-30,132.699997,133.199997,132.279999,132.289993,121.278633,5264400
2017-07-03,132.789993,133.320007,132.649994,132.899994,121.837868,2931000
2017-07-05,132.979996,134.059998,132.419998,133.639999,122.516251,4302700
2017-07-06,133.610001,133.970001,132.410004,132.520004,121.489510,4282200
2017-07-07,132.910004,133.000000,131.690002,132.539993,121.507835,4994100
2017-07-10,132.740005,132.869995,131.229996,131.550003,120.600243,4019600
2017-07-11,131.429993,131.789993,130.479996,131.229996,120.306862,3733100
2017-07-12,132.039993,132.889999,131.770004,132.229996,121.223618,5053200
2017-07-13,132.100006,132.220001,130.990005,131.860001,120.884422,4424400
2017-07-14,132.000000,133.000000,131.740005,132.600006,121.562836,4383100
2017-07-17,132.710007,132.929993,131.750000,132.149994,121.150261,4939400
2017-07-18,131.619995,134.949997,131.080002,134.460007,123.267990,10256000
2017-07-19,134.839996,135.410004,134.520004,135.210007,123.955589,5503300
2017-07-20,135.729996,137.080002,135.619995,136.570007,125.202385,6088600
2017-07-21,135.330002,136.270004,135.100006,135.309998,124.047249,6773500
2017-07-24,134.990005,135.160004,132.850006,133.009995,121.938705,8306700
2017-07-25,133.740005,133.850006,131.449997,131.880005,120.902771,6262900
2017-07-26,131.660004,132.240005,130.750000,130.949997,120.050156,5382200
2017-07-27,130.850006,131.149994,129.570007,130.830002,119.940163,5838100
2017-07-28,131.139999,131.990005,130.520004,131.850006,120.875259,4970900
2017-07-31,132.139999,133.580002,132.100006,132.720001,121.672852,5440800
2017-08-01,133.169998,133.350006,132.279999,132.509995,121.480324,3837600
2017-08-02,132.080002,132.500000,131.500000,132.160004,121.159439,4032100
2017-08-03,131.910004,133.399994,131.509995,133.350006,122.250404,4327300
2017-08-04,133.740005,134.009995,132.800003,133.179993,122.094536,3192800
2017-08-07,133.089996,133.479996,132.509995,132.860001,121.801186,3010800
2017-08-08,132.500000,132.800003,131.399994,132.270004,121.260307,5535800
2017-08-09,132.809998,133.410004,132.369995,133.229996,122.140396,6332300
2017-08-10,133.039993,133.850006,132.369995,133.089996,122.012032,5607900
2017-08-11,133.639999,134.490005,132.750000,133.100006,122.021217,4270600
2017-08-14,134.199997,134.369995,132.869995,133.479996,122.369583,3041100
2017-08-15,133.850006,133.940002,133.199997,133.380005,122.277901,3931800
2017-08-16,134.080002,134.970001,133.860001,134.169998,123.002144,4469900
2017-08-17,134.179993,134.740005,133.029999,133.039993,121.966202,5741400
2017-08-18,132.669998,133.779999,132.380005,132.630005,121.590317,4792800
2017-08-21,132.279999,133.649994,132.190002,133.449997,122.342087,4660000
2017-08-22,133.270004,134.789993,132.899994,134.699997,123.488022,4150300
2017-08-23,134.429993,134.490005,132.649994,132.800003,121.746170,5129900
2017-08-24,132.820007,133.080002,132.270004,132.889999,121.828659,5398400
2017-08-25,131.910004,132.559998,131.619995,131.679993,121.487328,4133300
2017-08-28,131.679993,132.119995,131.490005,131.740005,121.542671,5349200
2017-08-29,131.570007,132.449997,131.300003,132.210007,121.976318,3277900
2017-08-30,132.000000,132.000000,130.899994,131.070007,120.924538,5430800
2017-08-31,131.389999,132.500000,131.250000,132.369995,122.123917,7407100
2017-09-01,132.600006,132.649994,130.940002,131.029999,120.887634,3820800
2017-09-05,130.720001,131.179993,129.720001,129.899994,119.845116,5146600
2017-09-06,130.539993,131.000000,130.210007,130.669998,120.555519,5601900
2017-09-07,130.860001,132.520004,130.250000,132.190002,121.957863,3800200
2017-09-08,132.000000,132.339996,130.869995,130.979996,120.841507,4854400
2017-09-11,131.369995,133.339996,131.020004,133.210007,122.898895,5724200
2017-09-12,133.830002,133.880005,131.929993,132.630005,122.363792,5465200
2017-09-13,132.669998,133.750000,131.850006,132.449997,122.197731,4679500
2017-09-14,132.139999,134.470001,131.990005,134.179993,123.793816,6274500
2017-09-15,134.789993,135.449997,134.179993,134.449997,124.042908,15522000
2017-09-18,134.440002,135.770004,134.110001,135.380005,124.900948,5260800
2017-09-19,135.020004,135.789993,134.350006,135.220001,124.753319,4903800
2017-09-20,133.250000,134.289993,132.339996,133.220001,122.908112,8705500
2017-09-21,133.309998,133.820007,131.380005,131.750000,121.551903,6051800
2017-09-22,131.990005,132.389999,131.270004,131.389999,121.219780,4334900
2017-09-25,131.470001,131.759995,130.830002,131.169998,121.016800,6017400
2017-09-26,131.500000,131.940002,130.820007,130.940002,120.804611,4516200
2017-09-27,131.000000,131.089996,129.429993,129.750000,119.706726,5796100
2017-09-28,129.910004,130.270004,129.289993,129.470001,119.448387,3992700
2017-09-29,129.580002,130.470001,129.050003,130.009995,119.946579,5736900
2017-10-02,130.160004,131.330002,130.020004,131.220001,121.062935,4492900
2017-10-03,131.649994,132.399994,131.360001,132.100006,121.874825,3900800
2017-10-04,132.399994,133.179993,132.100006,132.889999,122.603653,3589000
2017-10-05,132.889999,133.309998,132.360001,133.190002,122.880447,3741100
2017-10-06,133.000000,133.250000,132.479996,133.220001,122.908112,2469500
2017-10-09,133.660004,133.820007,133.169998,133.449997,123.120331,3750500
2017-10-10,133.559998,134.130005,132.919998,133.899994,123.535477,4184600
2017-10-11,134.880005,137.080002,134.369995,136.649994,126.072655,8269400
2017-10-12,136.339996,137.520004,136.020004,136.830002,126.238693,5172800
2017-10-13,136.600006,137.419998,136.339996,136.429993,125.869659,4106600
2017-10-16,136.449997,137.259995,135.539993,136.119995,125.583656,5120100
2017-10-17,137.669998,141.119995,137.059998,140.789993,129.892181,11717300
2017-10-18,140.789993,141.580002,140.070007,140.679993,129.790680,6827700
2017-10-19,140.710007,142.979996,140.539993,142.039993,131.045380,9181300
2017-10-20,142.380005,143.619995,141.830002,142.399994,131.377533,5634500
2017-10-23,142.130005,144.350006,142.080002,143.619995,132.503128,6686000
2017-10-24,143.380005,143.380005,140.929993,141.639999,130.676392,6585800
2017-10-25,141.160004,143.229996,140.960007,142.360001,131.340637,6563600
2017-10-26,142.509995,143.750000,141.380005,141.809998,130.833221,5841100
2017-10-27,141.000000,142.699997,140.199997,141.779999,130.805527,5140100
2017-10-30,141.080002,141.210007,139.320007,140.000000,129.163300,6034300
2017-10-31,140.020004,140.259995,138.979996,139.410004,128.618988,4832100
2017-11-01,139.830002,140.589996,139.339996,139.979996,129.144867,5006800
2017-11-02,140.110001,140.289993,139.110001,139.929993,129.098724,3494100
2017-11-03,139.729996,140.399994,139.300003,140.080002,129.237106,2737000
2017-11-06,140.009995,140.490005,139.720001,139.759995,128.941879,4220700
2017-11-07,140.080002,140.149994,138.910004,139.770004,128.951126,4201900
2017-11-08,139.699997,141.869995,139.460007,141.320007,130.381134,4440700
2017-11-09,140.860001,141.410004,139.800003,140.350006,129.486221,3517100
2017-11-10,140.130005,140.130005,138.610001,139.559998,128.757370,4240800
2017-11-13,139.009995,140.020004,138.419998,139.759995,128.941879,4322300
2017-11-14,139.570007,140.279999,138.919998,139.490005,128.692810,4078200
2017-11-15,139.229996,139.830002,138.750000,139.100006,128.333008,4811500
2017-11-16,139.419998,139.679993,138.639999,138.869995,128.120804,4193800
2017-11-17,138.300003,138.860001,137.889999,138.000000,127.318115,4247400
2017-11-20,138.149994,138.559998,137.740005,137.929993,127.253548,4266300
2017-11-21,138.449997,139.259995,138.190002,138.339996,127.631805,5660600
2017-11-22,138.300003,138.380005,136.600006,137.289993,126.663071,3917000
2017-11-24,137.500000,138.380005,137.309998,138.009995,127.327347,2606800
2017-11-27,137.509995,138.309998,137.479996,138.100006,128.190628,3933100
2017-11-28,138.300003,140.529999,138.250000,140.020004,129.972855,5052800
2017-11-29,140.220001,140.630005,138.949997,139.809998,129.777908,5851400
2017-11-30,140.059998,140.279999,138.479996,139.330002,129.332382,8941900
2017-12-01,139.570007,140.529999,138.600006,139.979996,129.935730,5990500
2017-12-04,140.619995,141.500000,138.929993,139.009995,129.035309,5916700
2017-12-05,139.789993,140.809998,139.199997,139.669998,129.647980,6745300
2017-12-06,140.839996,141.960007,140.190002,141.059998,130.938232,5591700
2017-12-07,140.009995,141.500000,139.259995,140.009995,129.963593,4713100
2017-12-08,140.000000,140.759995,139.800003,140.589996,130.501968,5101300
2017-12-11,140.899994,141.169998,139.830002,141.139999,131.012512,4358600
2017-12-12,142.600006,143.570007,142.039993,142.600006,132.367752,8016700
2017-12-13,142.500000,143.429993,142.210007,142.889999,132.636932,6118400
2017-12-14,143.520004,143.619995,141.610001,141.649994,131.485886,5337900
2017-12-15,142.479996,143.139999,141.779999,142.460007,132.237778,12517000
2017-12-18,142.559998,143.800003,141.399994,141.800003,131.625122,5833200
2017-12-19,141.889999,142.380005,141.360001,141.779999,131.606552,6580100
2017-12-20,142.259995,142.580002,141.080002,141.160004,131.031052,6289800
2017-12-21,141.589996,142.169998,141.020004,141.059998,130.938232,6284700
2017-12-22,141.000000,141.350006,140.039993,140.119995,130.065659,4665600
2017-12-26,140.460007,140.539993,139.679993,140.089996,130.037827,3271100
2017-12-27,140.419998,141.149994,140.199997,140.570007,130.483398,3753600
2017-12-28,140.699997,141.000000,140.330002,140.559998,130.474106,2485000
2017-12-29,140.979996,141.210007,139.580002,139.720001,129.694351,4452900
2018-01-02,139.660004,139.949997,138.720001,139.229996,129.239532,6842100
2018-01-03,139.360001,140.679993,138.899994,140.559998,130.474106,5350500
2018-01-04,140.449997,141.139999,140.220001,140.550003,130.464798,4837600
2018-01-05,140.690002,141.820007,140.279999,141.710007,131.541595,6158800
2018-01-08,141.699997,142.000000,140.919998,141.889999,131.708664,5129800
2018-01-09,142.369995,145.679993,142.259995,144.139999,133.797211,8897000
2018-01-10,143.550003,144.160004,143.320007,143.970001,133.639420,6558600
2018-01-11,144.130005,144.899994,143.690002,144.789993,134.400604,4962200
2018-01-12,144.990005,146.419998,144.899994,145.759995,135.300964,5450600
2018-01-16,146.419998,148.059998,146.029999,146.860001,136.322052,8804000
2018-01-17,147.839996,148.320007,145.479996,146.979996,136.433441,10619700
2018-01-18,146.929993,147.440002,145.970001,146.919998,136.377731,5554800
2018-01-19,147.460007,147.649994,146.419998,147.360001,136.786148,8738800
2018-01-22,147.009995,148.139999,146.720001,148.139999,137.510193,7010400
2018-01-23,146.960007,147.440002,141.619995,141.830002,131.652985,17473600
2018-01-24,143.500000,143.559998,141.800003,142.070007,131.875763,13034400
2018-01-25,142.309998,144.660004,142.210007,144.399994,134.038559,7938800
2018-01-26,144.500000,145.600006,144.130005,145.330002,134.901871,8065600
2018-01-29,144.850006,144.940002,143.529999,143.679993,133.370224,8013400
2018-01-30,143.399994,143.820007,142.429993,142.429993,132.209900,8376100
2018-01-31,142.570007,142.570007,138.100006,138.190002,128.274185,13137400
2018-02-01,137.529999,140.669998,137.000000,140.020004,129.972855,9393600
2018-02-02,139.020004,140.360001,137.380005,137.679993,127.800758,9262500
2018-02-05,136.580002,137.000000,122.150002,130.389999,121.033859,19954100
2018-02-06,130.009995,132.990005,128.000000,131.830002,122.370514,19193500
2018-02-07,131.889999,133.429993,131.350006,131.419998,121.989952,10550400
2018-02-08,130.910004,131.250000,126.110001,126.360001,117.293030,11680200
2018-02-09,127.519997,130.919998,125.440002,129.529999,120.235565,15030900
2018-02-12,130.000000,131.320007,127.680000,130.270004,120.922478,9963900
2018-02-13,129.210007,130.600006,128.699997,129.960007,120.634720,6339000
2018-02-14,129.440002,130.009995,128.389999,129.669998,120.365509,6259700
2018-02-15,130.100006,131.279999,129.399994,131.229996,121.813583,5606400
2018-02-16,130.960007,134.449997,130.839996,133.149994,123.595802,7970100
2018-02-20,132.869995,133.449997,130.660004,130.869995,121.479408,6563500
2018-02-21,130.800003,132.429993,129.860001,129.910004,120.588295,6578000
2018-02-22,130.100006,131.020004,129.479996,129.910004,120.588295,5732200
2018-02-23,130.089996,132.080002,130.020004,132.020004,122.546906,5126800
2018-02-26,131.710007,133.410004,131.000000,132.070007,123.378326,6684400
2018-02-27,132.210007,133.089996,131.600006,131.669998,123.004646,7158600
2018-02-28,131.949997,132.330002,129.869995,129.880005,121.332458,7985900
2018-03-01,129.110001,130.119995,126.519997,127.279999,118.903557,9424000
2018-03-02,126.910004,129.110001,126.910004,128.820007,120.342232,6910400
2018-03-05,128.630005,130.300003,128.179993,129.789993,121.248375,5799800
2018-03-06,130.000000,130.199997,127.919998,128.220001,119.781700,5546500
2018-03-07,127.480003,129.330002,127.269997,129.039993,120.547729,6391700
2018-03-08,129.330002,132.300003,129.330002,132.059998,123.368973,6423400
2018-03-09,132.509995,133.820007,131.559998,133.800003,124.994461,7557800
2018-03-12,133.800003,134.229996,132.320007,132.630005,123.901466,4942000
2018-03-13,133.800003,135.389999,133.449997,134.350006,125.508301,9152300
2018-03-14,135.240005,135.699997,131.899994,132.320007,123.611877,6770600
2018-03-15,132.550003,134.240005,132.470001,133.059998,124.303154,6147200
2018-03-16,133.160004,134.399994,132.100006,133.679993,124.882355,14233500
2018-03-19,133.350006,133.470001,129.360001,130.240005,121.668762,6017000
2018-03-20,130.779999,131.779999,129.380005,131.210007,122.574928,6214300
2018-03-21,131.399994,132.779999,130.660004,131.190002,122.556229,5158700
2018-03-22,130.470001,130.679993,127.099998,127.379997,118.996979,7560100
2018-03-23,127.629997,127.800003,124.900002,125.099998,116.867020,8452500
2018-03-26,126.410004,127.540001,125.209999,127.389999,119.006317,8358200
2018-03-27,127.110001,129.100006,126.389999,127.209999,118.838165,7789900
2018-03-28,127.629997,129.020004,127.209999,127.449997,119.062370,6868500
2018-03-29,127.970001,128.759995,126.820000,128.149994,119.716309,6119400
2018-04-02,127.820000,127.879997,123.540001,124.559998,116.362564,8916900
2018-04-03,125.180000,128.490005,124.680000,128.350006,119.903152,8035000
2018-04-04,126.900002,131.119995,126.389999,130.410004,121.827583,7717100
2018-04-05,130.410004,131.199997,129.500000,130.710007,122.107857,5621700
2018-04-06,130.220001,130.639999,126.410004,128.100006,119.669594,6399300
2018-04-09,128.649994,131.139999,127.680000,129.479996,120.958786,6395800
2018-04-10,130.250000,130.910004,129.289993,130.250000,121.678093,6019300
2018-04-11,129.139999,130.350006,129.029999,129.630005,121.098900,4575400
2018-04-12,130.089996,131.309998,129.860001,130.429993,121.846245,4559800
2018-04-13,131.089996,131.419998,129.630005,130.619995,122.023750,4742300
2018-04-16,131.410004,132.880005,131.279999,131.759995,123.088715,6379600
2018-04-17,132.110001,132.199997,128.809998,130.539993,121.949013,11008700
2018-04-18,129.690002,129.899994,126.940002,127.720001,119.314598,9383600
2018-04-19,127.629997,128.270004,126.889999,127.550003,119.155792,5959500
2018-04-20,128.000000,128.300003,126.169998,126.660004,118.324348,7743900
2018-04-23,126.879997,127.300003,125.779999,126.830002,118.483185,7501900
2018-04-24,126.940002,127.459999,125.309998,126.190002,117.885300,6577500
2018-04-25,125.910004,126.849998,125.279999,126.760002,118.417801,5859600
2018-04-26,126.620003,129.220001,126.620003,128.009995,119.585510,8211100
2018-04-27,127.730003,128.789993,127.500000,128.270004,119.828407,4266800
2018-04-30,128.860001,128.979996,126.489998,126.489998,118.165543,8219400
2018-05-01,126.320000,126.639999,124.970001,126.010002,117.717148,5122600
2018-05-02,125.519997,126.180000,123.199997,123.500000,115.372330,7390800
2018-05-03,123.300003,123.690002,121.279999,123.029999,114.933250,7282900
2018-05-04,122.599998,124.510002,121.800003,124.190002,116.016914,6127600
2018-05-07,124.139999,125.239998,123.320000,123.589996,115.456406,6707900
2018-05-08,122.860001,123.489998,121.690002,122.610001,114.540886,5951800
2018-05-09,122.989998,124.050003,122.529999,123.510002,115.381668,6808600
2018-05-10,124.220001,126.050003,124.000000,125.349998,117.100563,4948000
2018-05-11,125.769997,127.599998,125.760002,127.239998,118.866180,5716700
2018-05-14,127.349998,127.610001,125.599998,126.059998,117.763847,6101600
2018-05-15,125.540001,125.830002,124.400002,125.129997,116.895042,5875700
2018-05-16,125.440002,125.900002,125.000000,125.349998,117.100563,3818100
2018-05-17,125.489998,125.589996,123.550003,123.849998,115.699295,6473400
2018-05-18,123.779999,124.440002,123.279999,124.239998,116.063614,5433900
2018-05-21,124.620003,124.989998,123.320000,123.720001,115.577843,5558700
2018-05-22,123.800003,124.239998,122.760002,122.910004,114.821144,7172700
2018-05-23,122.870003,123.970001,122.739998,123.449997,115.325615,4940800
2018-05-24,123.220001,123.389999,121.550003,122.250000,114.204590,6923600
2018-05-25,121.559998,122.800003,121.129997,121.470001,114.317535,4594800
2018-05-29,120.500000,120.800003,118.620003,119.400002,112.369415,9821900
2018-05-30,120.120003,121.580002,119.540001,120.970001,113.846970,6423700
2018-05-31,120.919998,121.250000,119.540001,119.620003,112.576454,10337500
2018-06-01,120.379997,121.320000,119.970001,121.260002,114.119888,5741000
2018-06-04,121.849998,122.370003,121.019997,121.949997,114.769257,4853000
2018-06-05,122.050003,122.559998,120.900002,121.480003,114.326935,5125400
2018-06-06,121.970001,122.790001,121.459999,122.790001,115.559792,6799300
2018-06-07,123.000000,123.489998,122.269997,123.330002,116.067993,7414100
2018-06-08,123.360001,124.849998,123.330002,124.059998,116.755020,6208100
2018-06-11,124.269997,124.339996,122.550003,122.660004,115.437462,5571400
2018-06-12,123.160004,123.180000,121.949997,122.540001,115.324516,5227300
2018-06-13,123.150002,124.089996,122.459999,122.629997,115.409210,5836900
2018-06-14,122.709999,123.150002,122.089996,122.410004,115.202187,5239200
2018-06-15,122.099998,122.730003,121.239998,122.610001,115.390388,13173500
2018-06-18,121.610001,121.809998,120.250000,121.320000,114.176346,6787400
2018-06-19,120.660004,123.169998,120.570000,122.570000,115.352737,8572400
2018-06-20,122.419998,122.660004,121.660004,122.040001,114.853958,6277200
2018-06-21,121.830002,122.239998,121.110001,121.449997,114.298691,4417200
2018-06-22,121.680000,123.379997,121.650002,122.839996,115.606850,9501400
2018-06-25,122.820000,123.430000,121.510002,122.589996,115.371567,8170500
2018-06-26,122.489998,122.889999,121.599998,122.349998,115.145699,5496400
2018-06-27,122.129997,122.970001,121.449997,121.610001,114.449272,5666000
2018-06-28,121.779999,122.410004,121.070000,122.000000,114.816307,5296800
2018-06-29,122.239998,123.180000,121.190002,121.339996,114.195183,7308700
2018-07-02,121.339996,121.730003,120.110001,121.580002,114.421043,5481400
2018-07-03,121.650002,123.459999,121.260002,122.709999,115.484512,4248100
2018-07-05,123.599998,125.120003,123.230003,125.000000,117.639679,7319100
2018-07-06,125.160004,125.919998,124.610001,125.750000,118.345505,7297900
2018-07-09,126.220001,126.750000,125.599998,126.050003,118.627838,6706100
2018-07-10,126.370003,127.519997,126.110001,127.379997,119.879524,5075600
2018-07-11,127.410004,127.440002,126.059998,126.239998,118.806648,4827400
2018-07-12,127.709999,128.210007,127.169998,127.760002,120.237152,6199000
2018-07-13,125.320000,127.500000,125.320000,125.930000,118.514915,8250200
2018-07-16,126.000000,126.099998,124.160004,124.690002,117.347923,7314400
2018-07-17,128.529999,130.539993,127.559998,129.110001,121.507660,12858700
2018-07-18,128.809998,129.050003,127.169998,127.800003,120.274803,7152000
2018-07-19,127.529999,127.699997,125.870003,125.940002,118.524323,5984600
2018-07-20,125.300003,126.139999,125.120003,125.849998,118.439621,5835500
2018-07-23,125.750000,126.680000,125.449997,126.629997,119.173691,4631100
2018-07-24,127.239998,129.619995,127.150002,129.360001,121.742928,7158800
2018-07-25,129.139999,129.229996,127.650002,128.619995,121.046509,6523000
2018-07-26,129.899994,131.220001,129.850006,130.279999,122.608765,7640600
2018-07-27,129.979996,132.270004,129.940002,131.550003,123.803993,6620400
2018-07-30,131.779999,132.490005,131.250000,132.169998,124.387466,11013100
2018-07-31,132.279999,132.639999,131.770004,132.520004,124.716881,7598900
2018-08-01,132.389999,132.960007,132.080002,132.639999,124.829796,5770400
2018-08-02,132.889999,133.000000,131.089996,131.250000,123.521645,6563300
2018-08-03,131.179993,132.699997,130.899994,131.949997,124.180443,6498700
2018-08-06,131.639999,132.529999,131.009995,132.020004,124.246315,5840000
2018-08-07,131.880005,132.169998,131.300003,131.460007,123.719276,4664600
2018-08-08,131.490005,131.800003,130.889999,131.169998,123.446350,3721500
2018-08-09,131.539993,131.720001,130.669998,131.199997,123.474602,4057800
2018-08-10,131.190002,131.630005,130.259995,130.750000,123.051102,4324000
2018-08-13,130.720001,130.899994,129.850006,130.220001,122.552299,3778000
2018-08-14,129.669998,130.470001,129.350006,129.500000,121.874687,4542800
2018-08-15,129.750000,130.740005,128.929993,130.429993,122.749931,5377300
2018-08-16,131.020004,132.880005,130.570007,132.479996,124.679207,7861500
2018-08-17,132.449997,135.000000,132.190002,134.470001,126.552017,6700900
2018-08-20,134.929993,137.119995,134.000000,136.880005,128.820160,7935000
2018-08-21,137.000000,137.429993,135.300003,135.350006,127.380234,5832100
2018-08-22,135.559998,135.679993,134.419998,134.610001,126.683807,4688400
2018-08-23,134.610001,135.490005,134.100006,135.110001,127.154366,5057600
2018-08-24,135.110001,136.149994,134.830002,135.949997,127.944878,4809400
2018-08-27,135.500000,136.050003,134.210007,134.919998,127.821762,4325900
2018-08-28,134.779999,134.899994,133.889999,134.320007,127.253311,6037500
2018-08-29,134.320007,134.940002,133.940002,134.860001,127.764900,4648700
2018-08-30,134.699997,135.600006,134.600006,134.949997,127.850151,4821900
2018-08-31,134.600006,135.000000,133.970001,134.690002,127.603859,6139500
2018-09-04,134.690002,134.750000,133.440002,133.720001,126.684875,4406800
2018-09-05,133.479996,135.940002,133.460007,135.860001,128.712296,6174800
2018-09-06,135.500000,137.309998,135.179993,136.869995,129.669159,6562000
2018-09-07,136.779999,137.690002,135.750000,137.320007,130.095490,6375200
2018-09-10,137.529999,138.470001,137.059998,137.210007,129.991287,4892200
2018-09-11,137.639999,138.910004,137.220001,138.509995,131.222870,7856800
2018-09-12,138.899994,139.990005,138.559998,139.360001,132.028168,6767700
2018-09-13,139.889999,140.479996,139.020004,139.889999,132.530243,6456100
2018-09-14,140.000000,140.350006,139.100006,139.490005,132.151306,4534800
2018-09-17,139.330002,140.399994,139.179993,139.960007,132.596588,5295500
2018-09-18,140.270004,140.839996,139.830002,140.539993,133.146072,4581200
2018-09-19,140.759995,140.990005,140.050003,140.460007,133.070282,5049900
2018-09-20,140.820007,142.139999,140.509995,141.979996,134.510315,5019300
2018-09-21,142.179993,143.130005,141.690002,142.880005,135.362976,13283400
2018-09-24,142.100006,142.500000,140.229996,140.470001,133.079758,6708000
2018-09-25,140.529999,140.960007,138.399994,138.639999,131.346024,7982800
2018-09-26,138.949997,140.000000,137.960007,138.160004,130.891296,7133300
2018-09-27,138.449997,139.580002,137.570007,138.220001,130.948120,6450500
2018-09-28,138.100006,138.559998,137.410004,138.169998,130.900772,6638500
2018-10-01,138.259995,139.850006,138.000000,139.690002,132.340820,4871800
2018-10-02,139.789993,140.729996,139.649994,140.479996,133.089203,6439100
2018-10-03,140.539993,141.270004,138.880005,139.029999,131.715500,5411800
2018-10-04,138.550003,139.529999,137.320007,139.350006,132.018707,4738700
2018-10-05,139.800003,140.250000,138.559998,139.100006,131.781845,4309300
2018-10-08,138.899994,139.679993,138.619995,139.389999,132.056549,5174100
2018-10-09,138.740005,139.619995,137.809998,139.199997,131.876556,4475300
2018-10-10,139.350006,140.460007,137.729996,137.729996,130.483902,7265600
2018-10-11,137.910004,138.660004,132.880005,133.839996,126.798561,11603200
2018-10-12,134.399994,134.410004,132.229996,133.869995,126.826981,6998000
2018-10-15,133.880005,135.300003,133.509995,133.949997,126.902771,6398700
2018-10-16,134.750000,137.990005,134.750000,136.559998,129.375488,9592800
2018-10-17,136.229996,140.000000,136.210007,139.460007,132.122864,8261100
2018-10-18,139.199997,139.809998,137.710007,139.500000,132.160797,7583900
2018-10-19,138.339996,140.000000,137.910004,139.050003,131.734451,5924800
2018-10-22,138.610001,139.259995,138.139999,138.679993,131.383926,4864300
2018-10-23,137.789993,139.490005,137.449997,138.929993,131.620758,8282700
2018-10-24,138.520004,140.110001,137.169998,137.470001,130.237595,8279200
2018-10-25,137.460007,139.089996,135.050003,138.470001,131.184967,9720700
2018-10-26,137.940002,139.300003,135.330002,136.970001,129.763901,11371400
2018-10-29,136.990005,139.100006,136.220001,137.550003,130.313385,6783000
2018-10-30,137.929993,141.100006,137.000000,140.750000,133.345016,9646200
2018-10-31,141.000000,141.429993,139.610001,139.990005,132.625015,9968900
2018-11-01,140.070007,141.580002,139.850006,140.820007,133.411346,6913500
2018-11-02,141.970001,142.000000,139.660004,140.679993,133.278702,7673200
2018-11-05,141.000000,142.740005,139.000000,142.199997,134.718719,5601400
2018-11-06,141.529999,142.830002,141.059998,142.570007,135.069290,5798900
2018-11-07,143.100006,144.869995,142.970001,144.750000,137.134583,7173600
2018-11-08,144.309998,145.789993,144.000000,145.300003,137.655640,5497100
2018-11-09,145.039993,145.740005,144.380005,145.339996,137.693527,5343100
2018-11-12,144.990005,146.240005,144.729996,145.619995,137.958786,7013600
2018-11-13,146.190002,146.750000,143.419998,144.679993,137.068268,7432300
2018-11-14,145.020004,145.309998,143.559998,144.250000,136.660873,6433100
2018-11-15,143.410004,144.509995,142.479996,144.500000,136.897736,6657900
2018-11-16,144.710007,146.740005,144.550003,145.990005,138.309341,8494300
2018-11-19,146.429993,148.440002,146.369995,147.729996,139.957794,8714600
2018-11-20,147.500000,148.750000,146.350006,146.449997,138.745132,8937700
2018-11-21,146.229996,146.229996,140.779999,141.990005,134.519806,10275400
2018-11-23,141.850006,142.729996,141.600006,142.229996,134.747162,3404900
2018-11-26,142.000000,142.050003,140.720001,141.369995,134.785278,7590900
2018-11-27,140.570007,143.350006,139.660004,143.220001,136.549149,5962100
2018-11-28,143.830002,146.559998,143.360001,146.440002,139.619156,8411400
2018-11-29,145.619995,147.199997,144.839996,145.850006,139.056641,6900000
2018-11-30,145.339996,147.000000,145.100006,146.899994,140.057724,12517600
2018-12-03,145.570007,146.630005,144.940002,146.210007,139.399857,8827200
2018-12-04,146.320007,148.990005,145.820007,146.029999,139.228241,9803500
2018-12-06,144.500000,146.449997,142.789993,145.910004,139.113861,11572500
2018-12-07,145.490005,147.339996,144.119995,145.429993,138.656204,9444500
2018-12-10,145.389999,145.880005,142.380005,145.259995,138.494110,6848100
2018-12-11,146.289993,148.210007,145.789993,146.500000,139.676361,9857400
2018-12-12,147.000000,148.490005,147.000000,147.100006,140.248413,8869200
2018-12-13,146.960007,148.589996,146.800003,147.839996,140.953918,6008300
2018-12-14,144.339996,145.380005,130.199997,133.000000,126.805161,58140200
2018-12-17,128.320007,131.649994,126.830002,129.139999,123.124947,36933100
2018-12-18,132.050003,132.800003,129.199997,130.419998,124.345314,24640100
2018-12-19,129.869995,131.350006,127.089996,127.610001,121.666206,21232100
2018-12-20,127.720001,129.750000,126.760002,128.270004,122.295479,16609600
2018-12-21,127.800003,130.600006,127.120003,128.089996,122.123848,19732900
2018-12-24,127.300003,128.000000,121.000000,122.839996,117.118378,7531900
2018-12-26,123.419998,126.760002,122.010002,126.709999,120.808128,9253000
2018-12-27,125.870003,127.410004,123.070000,127.410004,121.475533,9918700
2018-12-28,127.910004,128.750000,126.750000,127.269997,121.342041,6537200
2018-12-31,128.179993,129.550003,127.419998,129.050003,123.039139,7409900
2019-01-02,128.130005,128.380005,126.279999,127.750000,121.799690,7631700
2019-01-03,128.139999,128.270004,125.360001,125.720001,119.864243,8654500
2019-01-04,127.120003,128.649994,126.730003,127.830002,121.875969,8831700
2019-01-07,127.629997,128.350006,126.800003,127.010002,121.094154,8404700
2019-01-08,128.179993,130.500000,127.730003,129.960007,123.906761,9351600
2019-01-09,129.830002,130.240005,128.330002,128.929993,122.924713,7403500
2019-01-10,127.690002,129.889999,127.690002,129.710007,123.668396,6224400
2019-01-11,129.000000,129.839996,128.309998,129.750000,123.706528,5300400
2019-01-14,128.740005,128.960007,127.589996,128.279999,122.305008,7374400
2019-01-15,128.520004,129.490005,127.650002,129.360001,123.334694,5194400
2019-01-16,129.410004,129.410004,127.900002,128.039993,122.076172,6264200
2019-01-17,127.709999,129.520004,127.459999,129.089996,123.077271,7632000
2019-01-18,129.899994,131.179993,129.449997,130.690002,124.602745,10593000
2019-01-22,128.199997,129.500000,127.010002,128.800003,122.800781,10568100
2019-01-23,128.500000,129.300003,127.930000,128.800003,122.800781,9267800
2019-01-24,128.490005,128.699997,125.000000,127.029999,121.113228,9917000
2019-01-25,128.130005,128.449997,127.029999,128.229996,122.257324,7585100
2019-01-28,127.809998,129.149994,127.290001,128.990005,122.981934,6927700
2019-01-29,128.949997,130.470001,128.500000,130.330002,124.259514,6669300
2019-01-30,130.369995,132.190002,130.300003,131.639999,125.508514,7299300
2019-01-31,131.630005,135.190002,130.869995,133.080002,126.881439,17298100
2019-02-01,134.020004,134.690002,133.470001,134.199997,127.949257,9575200
2019-02-04,133.960007,134.149994,132.210007,132.880005,126.690735,7759000
2019-02-05,133.520004,133.880005,132.750000,132.880005,126.690735,6449800
2019-02-06,133.080002,133.570007,132.300003,133.000000,126.805161,5066100
2019-02-07,132.449997,132.639999,131.529999,132.050003,125.899422,6085300
2019-02-08,131.949997,132.460007,131.539993,132.399994,126.233086,4436700
2019-02-11,132.309998,132.669998,131.259995,132.000000,125.851730,4962200
2019-02-12,132.080002,134.300003,132.080002,134.160004,127.911118,6262300
2019-02-13,134.070007,134.979996,133.210007,134.449997,128.187592,7902200
2019-02-14,134.300003,134.820007,133.350006,134.309998,128.054138,3910400
2019-02-15,135.190002,136.410004,135.009995,136.380005,130.027710,6665000
2019-02-19,136.139999,136.380005,135.630005,135.690002,129.369858,5935500
2019-02-20,135.970001,136.729996,135.729996,136.350006,129.999130,6089800
2019-02-21,134.979996,135.789993,134.270004,135.419998,129.112442,6665500
2019-02-22,135.289993,136.639999,134.820007,136.600006,130.237473,5223900
2019-02-25,136.350006,137.490005,135.860001,136.199997,130.717346,6846600
2019-02-26,136.440002,136.960007,136.050003,136.110001,130.630966,5106900
2019-02-27,135.520004,136.250000,135.389999,135.869995,130.400635,4378100
2019-02-28,135.949997,137.949997,135.690002,136.639999,131.139633,10133200
2019-03-01,137.220001,138.610001,137.009995,138.350006,132.780823,5641600
2019-03-04,138.850006,139.410004,137.509995,138.479996,132.905563,8377700
2019-03-05,138.809998,139.139999,138.360001,138.770004,133.183899,6568900
2019-03-06,139.470001,139.649994,138.600006,139.089996,133.491013,6236900
2019-03-07,138.529999,139.119995,137.699997,138.240005,132.675232,6100400
2019-03-08,138.089996,139.300003,136.419998,138.059998,132.502457,7046700
2019-03-11,138.110001,139.029999,137.520004,138.559998,132.982346,6150400
2019-03-12,138.649994,140.000000,138.500000,139.179993,133.577393,5552900
2019-03-13,139.589996,139.839996,139.020004,139.410004,133.798126,6446900
2019-03-14,138.339996,138.800003,137.940002,138.020004,132.464111,8493600
2019-03-15,138.000000,138.259995,136.830002,137.600006,132.060989,11922500
2019-03-18,137.649994,137.779999,136.720001,137.169998,131.648300,7369600
2019-03-19,137.610001,138.820007,137.470001,138.440002,132.867188,5882500
2019-03-20,138.330002,138.509995,136.649994,137.289993,131.763458,5475700
2019-03-21,137.000000,138.779999,136.949997,138.100006,132.540863,5765100
2019-03-22,137.750000,138.389999,136.860001,136.910004,131.398758,6528800
2019-03-25,136.910004,137.009995,135.740005,136.610001,131.110855,4500300
2019-03-26,136.929993,139.270004,136.929993,138.570007,132.991943,4758600
2019-03-27,138.589996,139.479996,138.070007,138.699997,133.116714,6764900
2019-03-28,139.059998,139.460007,138.710007,138.880005,133.289474,4602100
2019-03-29,139.279999,139.880005,138.880005,139.789993,134.162811,7168400
2019-04-01,139.990005,140.289993,138.740005,138.979996,133.385437,5885200
2019-04-02,139.009995,139.009995,136.910004,137.710007,132.166565,5517800
2019-04-03,138.199997,138.240005,136.869995,137.169998,131.648300,5947000
2019-04-04,136.869995,137.009995,135.130005,135.570007,130.112701,5844600
2019-04-05,136.039993,136.580002,135.699997,136.179993,130.698151,4759700
2019-04-08,136.050003,136.509995,135.699997,136.139999,130.659760,4329600
2019-04-09,136.000000,136.259995,134.559998,135.570007,130.112701,5210300
2019-04-10,135.889999,136.130005,135.330002,135.580002,130.122314,4194100
2019-04-11,135.960007,136.179993,134.419998,135.210007,129.767197,4485200
2019-04-12,135.220001,136.350006,134.750000,135.979996,130.506210,5756800
2019-04-15,136.000000,136.789993,135.800003,136.520004,131.024475,5380900
2019-04-16,138.320007,140.699997,137.559998,138.020004,132.464111,10745700
2019-04-17,139.000000,140.149994,137.669998,138.520004,132.943954,9543700
2019-04-18,139.350006,140.240005,135.750000,137.520004,131.984222,10485300
2019-04-22,136.979996,138.490005,136.460007,137.830002,132.281738,4666500
2019-04-23,137.419998,140.850006,137.250000,139.899994,134.268402,5790500
2019-04-24,139.649994,140.139999,138.860001,139.199997,133.596603,5676300
2019-04-25,138.520004,139.770004,137.960007,139.649994,134.028458,5218100
2019-04-26,139.880005,140.520004,139.309998,140.389999,134.738693,4613600
2019-04-29,140.350006,140.429993,139.580002,139.839996,134.210815,4275200
2019-04-30,140.190002,141.449997,138.960007,141.199997,135.516052,6003700
2019-05-01,140.949997,142.350006,139.750000,141.949997,136.235870,6656300
2019-05-02,141.910004,142.149994,140.119995,141.279999,135.592850,8835600
2019-05-03,141.289993,142.089996,141.080002,142.009995,136.293442,5281600
2019-05-06,140.250000,142.240005,139.929993,142.089996,136.370239,5818900
2019-05-07,140.820007,141.380005,139.059998,139.970001,134.335571,6606700
2019-05-08,140.199997,140.919998,139.699997,139.789993,134.162811,4667300
2019-05-09,138.949997,139.320007,137.639999,138.729996,133.145493,5604200
2019-05-10,138.429993,139.250000,136.410004,139.050003,133.452606,4771600
2019-05-13,137.850006,138.059998,136.529999,137.199997,131.677094,5560000
2019-05-14,137.039993,137.839996,136.729996,136.820007,131.312408,7179400
2019-05-15,136.899994,137.490005,135.330002,136.910004,131.398758,6429400
2019-05-16,137.389999,139.190002,136.970001,138.210007,132.646439,6857200
2019-05-17,137.000000,139.029999,136.860001,138.610001,133.030334,6915300
2019-05-20,138.610001,138.960007,137.679993,138.419998,132.847977,4771100
2019-05-21,139.119995,139.570007,138.080002,138.119995,132.560043,4859000
2019-05-22,138.350006,138.949997,137.490005,138.759995,133.174286,5456800
2019-05-23,138.500000,139.850006,137.669998,139.789993,134.162811,6951800
2019-05-24,139.500000,139.500000,138.559998,138.850006,134.172485,5473300
2019-05-28,139.000000,140.490005,137.050003,137.070007,132.452454,11919600
2019-05-29,135.889999,135.889999,128.520004,131.330002,126.905823,23247400
2019-05-30,131.440002,132.820007,131.169998,132.110001,127.659554,7360600
2019-05-31,131.520004,132.000000,129.610001,131.149994,126.731895,7811000
2019-06-03,131.500000,132.399994,131.039993,131.440002,127.012123,8434600
2019-06-04,132.600006,134.300003,132.580002,133.729996,129.224960,6648900
2019-06-05,134.699997,135.130005,133.860001,134.380005,129.853073,6860600
2019-06-06,134.899994,137.660004,134.589996,136.679993,132.075577,9115800
2019-06-07,137.589996,139.589996,137.139999,138.550003,133.882599,6533900
2019-06-10,138.600006,139.149994,137.600006,139.020004,134.336792,4994700
2019-06-11,139.679993,140.660004,139.500000,139.779999,135.071167,8230500
2019-06-12,140.300003,142.910004,140.300003,141.679993,136.907150,9216500
2019-06-13,141.720001,141.949997,140.210007,140.710007,135.969849,7500800
2019-06-14,141.229996,141.490005,140.039993,140.089996,135.370728,6548100
2019-06-17,140.000000,140.240005,139.210007,139.440002,134.742630,5562800
2019-06-18,140.559998,140.929993,139.789993,140.229996,135.506012,7122700
2019-06-19,140.009995,140.970001,139.910004,140.449997,135.718597,6393400
2019-06-20,141.250000,142.399994,141.000000,142.210007,137.419312,7335800
2019-06-21,141.460007,142.429993,141.009995,142.089996,137.303329,11272200
2019-06-24,142.419998,143.699997,142.089996,143.059998,138.240662,5894700
2019-06-25,143.270004,144.979996,143.190002,144.240005,139.380920,7517000
2019-06-26,143.850006,143.850006,140.759995,141.850006,137.071426,7674100
2019-06-27,142.229996,142.500000,140.600006,140.690002,135.950516,5233500
2019-06-28,140.740005,141.100006,138.509995,139.279999,134.588013,12792400
2019-07-01,140.199997,140.259995,138.720001,139.360001,134.665329,5872300
2019-07-02,139.220001,140.029999,138.690002,140.029999,135.312729,4501200
2019-07-03,141.000000,142.179993,140.789993,142.139999,137.351669,3436300
2019-07-05,141.740005,141.860001,140.369995,140.570007,135.834564,4652400
2019-07-08,140.119995,141.080002,139.639999,140.970001,136.221085,4078100
2019-07-09,141.460007,142.470001,140.910004,141.410004,136.646271,4217400
2019-07-10,141.779999,141.990005,140.669998,141.210007,136.453003,4874400
2019-07-11,140.940002,141.210007,139.020004,140.110001,135.390045,5817400
2019-07-12,140.119995,140.119995,132.320007,134.300003,129.775772,17780100
2019-07-15,135.389999,136.360001,134.449997,134.710007,130.171951,10038200
2019-07-16,132.929993,133.830002,131.750000,132.500000,128.036407,10214500
2019-07-17,132.490005,133.580002,131.410004,131.860001,127.417976,8862100
2019-07-18,132.130005,132.509995,131.169998,132.070007,127.620895,6203700
2019-07-19,132.250000,132.389999,130.190002,130.309998,125.920189,8340200
2019-07-22,130.000000,130.149994,127.839996,128.639999,124.306442,12624800
2019-07-23,128.610001,129.449997,128.160004,128.839996,124.499695,5803600
2019-07-24,128.880005,129.789993,128.570007,129.779999,125.408028,6838600
2019-07-25,130.059998,131.529999,129.669998,131.119995,126.702888,8897800
2019-07-26,131.300003,131.300003,130.490005,130.729996,126.326035,4894600
2019-07-29,131.000000,133.309998,130.210007,133.020004,128.538895,7832000
2019-07-30,132.470001,132.490005,131.270004,132.080002,127.630554,5509600
2019-07-31,131.639999,132.000000,130.179993,130.220001,125.833221,8559200
2019-08-01,130.259995,130.740005,129.020004,130.289993,125.900856,7870700
2019-08-02,130.860001,131.470001,129.770004,131.070007,126.654579,6574900
2019-08-05,130.910004,131.460007,129.009995,130.160004,125.775246,9480000
2019-08-06,130.339996,131.220001,129.589996,130.770004,126.364693,7880600
2019-08-07,129.360001,130.910004,128.190002,130.210007,125.823563,6771700
2019-08-08,130.979996,131.949997,130.229996,131.679993,127.244011,5260500
2019-08-09,131.800003,132.759995,131.229996,132.039993,127.591904,4677300
2019-08-12,131.500000,132.699997,131.289993,131.929993,127.485596,5567600
2019-08-13,132.300003,134.100006,132.000000,133.419998,128.925400,5013200
2019-08-14,132.529999,132.539993,130.130005,130.259995,125.871849,7736200
2019-08-15,130.169998,131.070007,129.250000,130.539993,126.142426,7251200
2019-08-16,131.470001,131.669998,130.600006,131.360001,126.934807,5858900
2019-08-19,132.500000,132.570007,131.820007,132.250000,127.794823,4958000
2019-08-20,131.960007,132.660004,130.460007,130.600006,126.200424,7302000
2019-08-21,131.699997,132.410004,130.850006,131.529999,127.099083,6912800
2019-08-22,131.600006,132.130005,130.800003,131.270004,126.847839,7213500
2019-08-23,131.070007,131.259995,127.129997,127.730003,123.427101,15714000
2019-08-26,127.419998,128.080002,126.629997,127.800003,124.420135,8889500
2019-08-27,129.880005,132.399994,129.100006,129.639999,126.211456,20183800
2019-08-28,127.860001,128.869995,127.010002,128.679993,125.276840,9878800
2019-08-29,128.839996,129.199997,126.830002,128.240005,124.848495,6749900
2019-08-30,128.270004,129.100006,127.620003,128.360001,124.965317,7371100
2019-09-03,127.989998,128.979996,127.510002,128.740005,125.335266,5710200
2019-09-04,129.490005,129.589996,128.080002,128.860001,125.452087,4807200
2019-09-05,129.899994,129.899994,128.309998,128.580002,125.179497,4754100
2019-09-06,128.880005,129.229996,128.070007,128.210007,124.819290,6758300
2019-09-09,128.000000,128.160004,126.589996,126.949997,123.592598,7684700
2019-09-10,127.339996,129.550003,126.339996,129.550003,126.123840,8239500
2019-09-11,129.860001,131.279999,129.080002,131.169998,127.700996,6203600
2019-09-12,131.360001,131.770004,130.059998,130.429993,126.980553,5250000
2019-09-13,131.330002,131.570007,129.960007,130.779999,127.321320,5369800
2019-09-16,130.110001,130.750000,129.330002,129.539993,126.114098,5101700
2019-09-17,129.600006,130.500000,129.110001,129.669998,126.240669,4976400
2019-09-18,129.899994,130.559998,128.779999,130.410004,126.961105,4373600
2019-09-19,129.630005,131.190002,129.360001,130.110001,126.669037,4730100
2019-09-20,131.000000,132.000000,130.289993,131.649994,128.168304,12053100
2019-09-23,131.020004,132.050003,130.490005,131.740005,128.255920,5183700
2019-09-24,132.100006,132.779999,131.339996,131.550003,128.070953,7102600
2019-09-25,131.500000,131.570007,130.229996,130.990005,127.525764,4522900
2019-09-26,131.089996,131.309998,128.029999,128.850006,125.442375,7545800
2019-09-27,128.610001,129.399994,126.699997,128.600006,125.198975,6006500
2019-09-30,129.070007,130.279999,129.000000,129.380005,125.958344,6552100
2019-10-01,130.020004,130.800003,129.770004,129.990005,126.552216,7673000
2019-10-02,132.759995,134.699997,131.220001,132.000000,128.509048,12051800
2019-10-03,131.639999,132.369995,130.009995,131.190002,127.720474,6997600
2019-10-04,131.339996,133.720001,131.250000,133.660004,130.125153,7233300
2019-10-07,133.089996,133.820007,132.139999,133.160004,129.638367,5427200
2019-10-08,132.449997,133.259995,131.490005,131.839996,128.353287,7870400
2019-10-09,131.139999,131.250000,128.520004,129.220001,125.802574,7787700
2019-10-10,128.949997,130.119995,128.630005,129.059998,125.646805,5119700
2019-10-11,131.139999,132.619995,130.820007,131.330002,127.856773,7161400
2019-10-14,131.360001,131.360001,130.419998,130.720001,127.262901,5700000
2019-10-15,133.000000,134.250000,132.100006,132.839996,129.326843,10008800
2019-10-16,134.899994,136.589996,133.800003,135.169998,131.595215,12434200
2019-10-17,135.960007,137.490005,135.649994,136.169998,132.568756,8434000
2019-10-18,133.309998,134.389999,127.699997,127.699997,124.322769,25868700
2019-10-21,128.669998,129.669998,127.059998,128.020004,124.634315,13823600
2019-10-22,128.759995,130.539993,128.089996,129.199997,125.783096,7613700
2019-10-23,129.660004,130.479996,129.070007,129.899994,126.464592,6693400
2019-10-24,130.419998,130.580002,126.099998,127.500000,124.128059,12111600
2019-10-25,127.830002,129.100006,127.309998,128.350006,124.955589,6947300
2019-10-28,128.619995,130.000000,128.509995,129.179993,125.763634,7875900
2019-10-29,129.699997,129.970001,128.559998,129.119995,125.705208,4506300
2019-10-30,133.300003,133.529999,131.729996,132.839996,129.326843,9627600
2019-10-31,132.380005,132.839996,130.889999,132.039993,128.547989,7686600
2019-11-01,132.050003,133.000000,131.139999,131.199997,127.730202,5541800
2019-11-04,131.800003,131.949997,130.089996,130.229996,126.785851,6140300
2019-11-05,130.529999,131.470001,129.679993,130.419998,126.970848,6257300
2019-11-06,130.419998,131.479996,129.699997,130.960007,127.496559,5450000
2019-11-07,131.729996,132.380005,131.009995,131.429993,127.954117,5873700
2019-11-08,131.300003,133.039993,130.970001,133.000000,129.482605,5003000
2019-11-11,132.270004,132.520004,131.330002,131.979996,128.489578,4371400
2019-11-12,132.000000,132.089996,131.020004,131.350006,127.876236,5228700
2019-11-13,131.039993,131.490005,130.720001,131.270004,127.798370,5885400
2019-11-14,131.029999,131.360001,130.139999,130.960007,127.496559,4217500
2019-11-15,131.250000,134.970001,130.779999,134.940002,131.371307,10495100
2019-11-18,134.220001,135.690002,132.660004,134.830002,131.264206,9291800
2019-11-19,135.000000,135.190002,134.210007,134.820007,131.254456,5192200
2019-11-20,135.110001,136.339996,134.070007,135.940002,132.344864,7594400
2019-11-21,135.940002,136.850006,135.000000,136.440002,132.831635,6424900
2019-11-22,136.649994,138.630005,136.500000,138.070007,134.418518,9235800
2019-11-25,137.059998,137.649994,136.240005,137.179993,134.477325,6111900
2019-11-26,136.470001,137.339996,135.149994,137.169998,134.467545,10636500
2019-11-27,137.160004,138.250000,136.899994,137.750000,135.036118,5523000
2019-11-29,137.600006,138.270004,136.940002,137.490005,134.781235,3278900
2019-12-02,137.720001,137.850006,136.850006,137.360001,134.653809,4717100
2019-12-03,136.910004,137.449997,136.160004,137.160004,134.457733,5741400
2019-12-04,138.500000,139.740005,138.039993,139.380005,136.634003,7257300
2019-12-05,139.350006,139.750000,137.949997,139.559998,136.810440,5472900
2019-12-06,139.460007,141.580002,139.460007,140.380005,137.614304,6640400
2019-12-09,140.389999,140.809998,140.059998,140.500000,137.731934,4241000
2019-12-10,140.800003,141.000000,139.910004,139.990005,137.231995,5310300
2019-12-11,140.929993,141.979996,140.630005,140.979996,138.202484,6631500
2019-12-12,141.320007,142.059998,140.729996,141.339996,138.555374,5012400
2019-12-13,141.100006,141.800003,140.309998,141.380005,138.594589,4257200
2019-12-16,141.729996,142.850006,141.490005,141.789993,138.996506,5353100
2019-12-17,143.000000,144.050003,142.520004,143.559998,140.731628,10722400
2019-12-18,143.720001,143.880005,142.740005,143.190002,140.368942,7849200
2019-12-19,143.889999,145.880005,143.610001,145.350006,142.486389,9414700
2019-12-20,146.880005,147.839996,144.800003,146.059998,143.182373,14532800
2019-12-23,145.740005,146.759995,145.339996,146.440002,143.554901,6558700
2019-12-24,146.000000,146.009995,145.259995,145.929993,143.054947,4238900
2019-12-26,145.970001,146.179993,145.160004,145.830002,142.956924,3019300
2019-12-27,146.199997,146.550003,145.539993,145.750000,142.878494,3432700
2019-12-30,145.779999,146.199997,145.029999,145.300003,142.437363,2923300
2019-12-31,145.100006,146.009995,144.779999,145.869995,142.996140,4435000
2020-01-02,145.869995,146.020004,145.080002,145.970001,143.094162,5777000
2020-01-03,143.500000,145.369995,143.000000,144.279999,141.437454,5752400
2020-01-06,144.000000,144.199997,142.850006,144.100006,141.261017,7731300
2020-01-07,144.009995,145.449997,141.380005,144.979996,142.123657,7382900
2020-01-08,144.869995,145.979996,143.699997,144.960007,142.104080,6605800
2020-01-09,145.759995,146.029999,144.990005,145.389999,142.525589,6112700
2020-01-10,145.750000,146.179993,144.899994,145.059998,142.202087,5042600
2020-01-13,145.479996,145.789993,144.720001,145.699997,142.829483,4593200
2020-01-14,145.050003,146.610001,144.729996,146.520004,143.633331,7037500
2020-01-15,146.399994,147.399994,146.240005,147.009995,144.113663,4960300
2020-01-16,147.419998,148.839996,146.199997,148.199997,145.280212,6476000
2020-01-17,148.410004,149.410004,147.929993,149.169998,146.231125,9083600
2020-01-21,148.580002,150.169998,148.500000,149.270004,146.329147,9543900
2020-01-22,146.699997,149.179993,146.000000,148.250000,145.329254,10305300
2020-01-23,148.039993,148.770004,146.759995,148.529999,145.603714,8671900
2020-01-24,148.580002,148.949997,147.929993,148.320007,145.397873,9051900
2020-01-27,147.520004,149.460007,147.000000,148.750000,145.819382,7587100
2020-01-28,148.460007,150.570007,148.149994,149.500000,146.554626,7336600
2020-01-29,149.449997,151.190002,149.130005,150.539993,147.574127,6288600
2020-01-30,150.029999,150.509995,149.050003,150.360001,147.397675,6470600
2020-01-31,149.750000,150.000000,148.639999,148.869995,145.937027,8651700
2020-02-03,149.419998,150.490005,149.240005,150.169998,147.211411,5765200
2020-02-04,151.490005,152.750000,151.199997,151.600006,148.613266,6541400
2020-02-05,151.720001,154.020004,151.309998,153.990005,150.956161,5979900
2020-02-06,154.250000,154.500000,152.740005,153.529999,150.505203,6201200
2020-02-07,153.339996,153.460007,151.550003,151.889999,148.897537,5700300
2020-02-10,151.679993,151.910004,150.889999,151.860001,148.868118,4835600
2020-02-11,152.289993,152.380005,151.539993,151.990005,148.995575,3715300
2020-02-12,151.869995,152.149994,150.919998,151.089996,148.113281,5166800
2020-02-13,150.160004,151.039993,149.880005,150.089996,147.132996,5480200
2020-02-14,150.559998,150.639999,149.149994,150.130005,147.172211,5716300
2020-02-18,150.470001,150.740005,149.059998,149.139999,146.201706,7230700
2020-02-19,149.210007,149.759995,148.580002,148.940002,146.005646,6115200
2020-02-20,148.610001,149.380005,147.399994,148.369995,145.446884,7464700
2020-02-21,148.089996,150.240005,147.539993,149.929993,146.976135,7776800
2020-02-24,146.500000,149.000000,145.250000,145.910004,143.947449,10588900
2020-02-25,145.990005,146.750000,143.830002,144.649994,142.704376,10529000
2020-02-26,145.350006,146.220001,143.589996,143.679993,141.747421,10093800
2020-02-27,142.559998,144.770004,138.949997,139.119995,137.248764,12566700
2020-02-28,135.360001,137.289993,130.820007,134.479996,132.671158,19825500
2020-03-02,134.779999,140.130005,134.009995,140.020004,138.136658,11508200
2020-03-03,140.000000,140.990005,133.100006,135.589996,133.766251,13662500
2020-03-04,137.679993,143.639999,137.139999,143.479996,141.550110,10560500
2020-03-05,140.800003,142.679993,139.839996,142.009995,140.099884,11339200
2020-03-06,138.479996,143.009995,137.410004,142.029999,140.119614,12239100
2020-03-09,136.330002,139.679993,134.899994,136.440002,134.604813,13848600
2020-03-10,139.970001,141.949997,134.229996,141.639999,139.734863,12698100
2020-03-11,138.089996,138.750000,131.500000,131.800003,130.027237,17763400
2020-03-12,127.309998,133.759995,124.500000,125.410004,123.723175,21539200
2020-03-13,129.320007,134.919998,124.650002,134.289993,132.483719,20084200
2020-03-16,123.570000,133.759995,122.430000,127.129997,125.420029,18877900
2020-03-17,128.550003,136.770004,127.809998,136.589996,134.752777,18911800
2020-03-18,131.020004,135.669998,128.710007,134.960007,133.144730,17521100
2020-03-19,134.990005,134.990005,126.150002,127.050003,125.341110,18482300
2020-03-20,126.830002,127.440002,118.129997,119.889999,118.277412,19785100
2020-03-23,117.000000,118.559998,109.160004,111.139999,109.645111,20815200
2020-03-24,118.760002,119.650002,113.860001,119.180000,117.576973,17604800
2020-03-25,118.910004,123.959999,116.699997,119.400002,117.794006,13986100
2020-03-26,120.570000,127.099998,120.379997,126.570000,124.867561,15066800
2020-03-27,121.650002,127.620003,120.580002,123.160004,121.503433,12133200
2020-03-30,128.460007,133.990005,127.500000,133.009995,131.220947,21754000
2020-03-31,134.990005,135.710007,130.050003,131.130005,129.366241,15746100
2020-04-01,127.699997,130.229996,125.500000,128.809998,127.077438,12606100
2020-04-02,129.119995,134.000000,127.220001,133.149994,131.359055,11594500
2020-04-03,132.380005,134.789993,131.580002,134.169998,132.365341,10071200
2020-04-06,137.009995,140.970001,135.539993,139.759995,137.880142,14994400
2020-04-07,139.860001,142.029999,137.259995,137.479996,135.630814,11567100
2020-04-08,137.750000,144.130005,137.300003,143.259995,141.333069,10758200
2020-04-09,144.009995,145.419998,140.279999,141.229996,139.330383,11127200
2020-04-13,140.000000,141.490005,137.839996,139.770004,137.890030,8153200
2020-04-14,145.419998,147.419998,144.050003,146.029999,144.065811,13838000
2020-04-15,145.550003,147.910004,143.539993,147.660004,145.673904,11962300
2020-04-16,148.309998,150.679993,146.440002,149.669998,147.656860,12181700
2020-04-17,151.990005,152.300003,149.600006,152.020004,149.975250,10920000
2020-04-20,150.929993,153.000000,150.089996,151.669998,149.629959,12226200
2020-04-21,150.119995,151.639999,148.570007,149.679993,147.666718,9951100
2020-04-22,152.809998,155.000000,151.729996,152.990005,150.932205,11518300
2020-04-23,154.250000,157.000000,153.699997,155.509995,153.418304,10665000
2020-04-24,155.570007,156.300003,153.639999,154.860001,152.777054,8654100
2020-04-27,154.809998,156.050003,154.000000,154.289993,152.214722,8924000
2020-04-28,151.250000,153.100006,150.699997,151.389999,149.353729,8558700
2020-04-29,151.380005,151.630005,149.160004,150.240005,148.219193,9285200
2020-04-30,148.460007,150.429993,147.160004,150.039993,148.021881,14829600
2020-05-01,149.619995,149.669998,146.789993,148.289993,146.295425,7307300
2020-05-04,148.770004,149.080002,147.089996,148.270004,146.275696,7198400
2020-05-05,149.000000,150.779999,148.639999,149.500000,147.489151,6562300
2020-05-06,150.000000,150.320007,148.039993,148.080002,146.088242,6191600
2020-05-07,149.369995,149.529999,147.130005,147.589996,145.604843,5570500
2020-05-08,148.919998,149.179993,147.889999,148.699997,146.699905,4712100
2020-05-11,148.449997,150.100006,148.119995,149.110001,147.104401,5886000
2020-05-12,150.100006,150.339996,147.029999,147.139999,145.160889,7039200
2020-05-13,146.080002,148.949997,146.009995,147.130005,145.151031,6970500
2020-05-14,145.389999,147.759995,144.259995,147.639999,145.654160,6871400
2020-05-15,147.869995,150.479996,145.660004,150.440002,148.416504,10340400
2020-05-18,152.490005,153.619995,150.460007,150.520004,148.495438,7390000
2020-05-19,150.100006,151.100006,148.399994,149.020004,147.015594,6107300
2020-05-20,149.750000,150.389999,147.270004,147.679993,145.693619,5713400
2020-05-21,148.500000,148.500000,145.820007,146.710007,144.736694,6487300
2020-05-22,144.570007,146.289993,144.059998,144.369995,143.415466,6140900
2020-05-26,146.190002,146.440002,144.300003,144.559998,143.604202,7072300
2020-05-27,144.320007,145.250000,143.009995,144.889999,143.932022,7950000
2020-05-28,146.020004,148.110001,145.809998,146.970001,145.998276,6189600
2020-05-29,147.960007,149.350006,145.330002,148.750000,147.766510,8505200
2020-06-01,147.289993,148.339996,146.009995,147.190002,146.216827,6141800
2020-06-02,147.059998,148.350006,146.119995,148.250000,147.269821,6078300
2020-06-03,148.520004,149.139999,146.449997,148.649994,147.667160,6339500
2020-06-04,146.800003,148.369995,145.580002,146.729996,145.759857,8170500
2020-06-05,147.690002,149.639999,146.600006,147.300003,146.326096,9725400
2020-06-08,145.880005,147.610001,145.740005,146.770004,145.799606,7555600
2020-06-09,148.250000,149.330002,145.649994,145.960007,144.994965,8247200
2020-06-10,146.600006,150.029999,146.600006,147.800003,146.822800,10137100
2020-06-11,148.580002,149.169998,140.750000,140.869995,139.938599,11913300
2020-06-12,142.839996,143.710007,140.279999,142.149994,141.210144,8685700
2020-06-15,141.000000,142.399994,139.389999,141.250000,140.316101,8649600
2020-06-16,144.089996,145.419998,142.770004,144.460007,143.504883,7579100
2020-06-17,144.899994,145.419998,143.470001,144.020004,143.067780,5092800
2020-06-18,142.520004,144.119995,141.869995,143.410004,142.461823,4797400
2020-06-19,145.789993,145.880005,143.250000,143.830002,142.879044,12206900
2020-06-22,143.470001,143.660004,142.029999,143.389999,142.441940,5285600
2020-06-23,143.740005,144.080002,142.679993,142.860001,141.915451,5921600
2020-06-24,141.490005,142.190002,138.720001,139.820007,138.895554,8211200
2020-06-25,140.570007,140.570007,137.539993,139.669998,138.746536,7421200
2020-06-26,139.529999,139.600006,137.020004,137.809998,136.898834,12849700
2020-06-29,138.740005,139.699997,137.979996,139.039993,138.120697,5309800
2020-06-30,139.399994,141.020004,137.839996,140.630005,139.700195,7738300
2020-07-01,140.690002,141.389999,140.059998,140.380005,139.451859,6174800
2020-07-02,141.250000,141.839996,140.330002,140.970001,140.037949,5152200
2020-07-06,142.169998,143.770004,141.880005,142.979996,142.034653,6156400
2020-07-07,141.389999,143.970001,141.229996,142.850006,141.905518,5622600
2020-07-08,142.869995,143.389999,141.699997,143.270004,142.322739,6257400
2020-07-09,142.759995,144.429993,140.580002,142.490005,141.547897,5738600
2020-07-10,142.750000,142.869995,141.429993,142.369995,141.428680,4282400
2020-07-13,143.610001,146.639999,143.279999,145.210007,144.249924,6951900
2020-07-14,145.320007,148.389999,145.259995,147.919998,146.942001,7447100
2020-07-15,149.729996,150.210007,148.229996,148.259995,147.279739,8512800
2020-07-16,148.679993,149.339996,146.679993,149.250000,148.263199,9304700
2020-07-17,150.000000,150.580002,148.690002,149.350006,148.362549,7441100
2020-07-20,150.229996,150.320007,148.429993,149.600006,148.610901,6191500
2020-07-21,149.600006,151.669998,149.500000,149.740005,148.749969,5579700
2020-07-22,149.929993,150.410004,147.850006,150.009995,149.018173,5910200
2020-07-23,150.210007,150.850006,149.279999,149.610001,148.620819,6566300
2020-07-24,150.500000,150.600006,147.029999,148.119995,147.140671,5405900
2020-07-27,147.369995,148.919998,146.860001,147.179993,146.206879,5675200
2020-07-28,147.399994,147.990005,146.750000,146.830002,145.859207,4842200
2020-07-29,146.389999,147.470001,146.070007,146.539993,145.571121,4489100
2020-07-30,147.440002,147.500000,146.139999,146.839996,145.869141,5922500
2020-07-31,146.660004,147.449997,143.960007,145.759995,144.796280,8259600
2020-08-03,146.389999,147.789993,146.149994,147.350006,146.375778,4078700
2020-08-04,146.990005,147.220001,145.820007,147.220001,146.246628,4162200
2020-08-05,149.100006,149.309998,147.800003,148.399994,147.418823,5493200
2020-08-06,148.399994,149.250000,146.500000,147.550003,146.574448,4837900
2020-08-07,147.509995,148.649994,147.149994,148.600006,147.617508,3634300
2020-08-10,148.860001,149.009995,147.720001,148.029999,147.051270,4096600
2020-08-11,149.139999,149.229996,146.369995,146.970001,145.998276,6388400
2020-08-12,147.539993,150.240005,147.490005,149.660004,148.670502,5258100
2020-08-13,148.539993,149.190002,147.529999,148.000000,147.021469,5155500
2020-08-14,147.610001,149.339996,147.580002,148.240005,147.259888,4240200
2020-08-17,148.320007,150.229996,148.229996,148.990005,148.004929,4306900
2020-08-18,149.259995,150.100006,148.570007,150.089996,149.097641,4322600
2020-08-19,149.580002,151.580002,149.320007,150.389999,149.395660,7816300
2020-08-20,149.750000,151.580002,149.550003,151.419998,150.418854,4874700
2020-08-21,151.779999,153.649994,150.589996,152.759995,151.749985,6722800
2020-08-24,152.740005,152.899994,150.350006,152.149994,152.149994,5387900
2020-08-25,152.779999,153.070007,151.539993,152.059998,152.059998,3863500
2020-08-26,151.860001,152.649994,150.639999,152.300003,152.300003,8008300
2020-08-27,152.419998,153.259995,151.889999,152.979996,152.979996,5575400
2020-08-28,152.740005,153.699997,151.899994,153.639999,153.639999,5395700
2020-08-31,153.000000,154.399994,152.259995,153.410004,153.410004,6362700
2020-09-01,153.869995,154.080002,150.070007,151.520004,151.520004,6309200
2020-09-02,150.789993,154.330002,149.250000,153.830002,153.830002,6881900
2020-09-03,154.830002,155.470001,148.300003,149.550003,149.550003,8672800
2020-09-04,150.169998,150.949997,147.130005,148.589996,148.589996,7200100
2020-09-08,150.250000,150.889999,146.899994,147.259995,147.259995,8756800
2020-09-09,148.149994,151.100006,148.119995,149.699997,149.699997,6960700
2020-09-10,149.250000,149.779999,146.520004,146.910004,146.910004,6191800
2020-09-11,147.050003,148.529999,146.630005,147.779999,147.779999,3934700
2020-09-14,148.119995,149.470001,148.009995,148.350006,148.350006,4375800
2020-09-15,149.449997,150.589996,148.520004,148.889999,148.889999,3658800
2020-09-16,149.389999,150.059998,148.350006,148.399994,148.399994,4323000
2020-09-17,148.039993,148.630005,146.050003,147.169998,147.169998,5461400
2020-09-18,146.509995,149.649994,146.199997,149.179993,149.179993,12174000
2020-09-21,147.580002,147.929993,142.960007,145.100006,145.100006,7574500
2020-09-22,144.690002,145.350006,143.720001,144.210007,144.210007,5295900
2020-09-23,147.479996,147.550003,144.380005,144.440002,144.440002,8784400
2020-09-24,144.559998,145.250000,143.339996,144.669998,144.669998,5614800
2020-09-25,144.000000,146.250000,143.889999,145.660004,145.660004,5531200
2020-09-28,146.729996,148.289993,146.419998,147.110001,147.110001,5843200
2020-09-29,147.600006,147.919998,146.059998,147.059998,147.059998,6768600
2020-09-30,147.449997,149.729996,146.839996,148.880005,148.880005,8483700
2020-10-01,149.309998,149.649994,146.460007,147.320007,147.320007,6457800
2020-10-02,146.210007,148.410004,145.830002,146.240005,146.240005,5485600
2020-10-05,147.000000,148.380005,146.419998,148.229996,148.229996,4992800
2020-10-06,148.279999,148.610001,145.869995,146.259995,146.259995,5118200
2020-10-07,146.490005,148.229996,145.809998,147.880005,147.880005,5603100
2020-10-08,148.500000,149.850006,148.039993,148.889999,148.889999,4413500
2020-10-09,149.649994,151.479996,149.449997,150.970001,150.970001,5054100
2020-10-12,151.600006,153.139999,151.020004,151.839996,151.839996,7273200
2020-10-13,149.000000,150.119995,147.770004,148.360001,148.360001,11057600
2020-10-14,148.820007,149.029999,147.389999,148.100006,148.100006,7707000
2020-10-15,147.479996,147.899994,146.330002,147.190002,147.190002,5978600
2020-10-16,147.600006,148.759995,147.009995,148.100006,148.100006,6097000
2020-10-19,148.529999,148.899994,144.130005,144.320007,144.320007,7250800
2020-10-20,144.660004,145.750000,144.119995,144.550003,144.550003,5325400
2020-10-21,144.119995,145.339996,143.910004,143.929993,143.929993,5221300
2020-10-22,144.160004,145.690002,143.839996,145.080002,145.080002,5279700
2020-10-23,145.880005,147.470001,144.350006,145.240005,145.240005,4154400
2020-10-26,144.429993,144.770004,142.750000,143.970001,143.970001,6929500
2020-10-27,143.740005,144.289993,142.919998,143.149994,143.149994,4890100
2020-10-28,141.429993,141.979996,138.179993,138.360001,138.360001,8426100
2020-10-29,138.000000,138.699997,136.050003,137.190002,137.190002,7205400
2020-10-30,136.679993,137.539993,133.649994,137.110001,137.110001,7364100